Bar,Beer,Style,Country,TotalQty,TotalRevenue,TotalCost,AvgMarkupPercent,TotalMargin
Большой пр. В.О,"4Brewers  Сигнал, ж/б. 0,450 .",Сауэр эли (Ф),Россия ,3,1560.0,670.3199999999999,1.3272,889.6800000000001
Большой пр. В.О,4Brewers | Качок-Кабачок | 450мл.,Гозе и овощные гозе (Ф),Россия,1,490.0,222.46,1.2026,267.53999999999996
Большой пр. В.О,"4Brewers Зависимость острая, ж/б. 0,450 .",Гозе и овощные гозе (Ф),Россия ,1,550.0,211.68,1.5983,338.32
Большой пр. В.О,"4Brewers Зависимость, ж/б. 0,450 .",Гозе и овощные гозе (Ф),Россия ,4,1920.0,803.6,1.3892,1116.4
Большой пр. В.О,"4Brewers Морковка на Стажировке, ж/б. 0,500 .",Гозе и овощные гозе (Ф),Россия ,3,956.0,652.6800000000001,0.46469999999999995,303.32
Большой пр. В.О,"4Brewers Рассол Дико Зол, ж/б. 0,500 .",Гозе и овощные гозе (Ф),Россия ,4,1960.0,889.84,1.2026,1070.1599999999999
Большой пр. В.О,"4Brewers Укропная Зависимость , ж/б. 0,500 .",Гозе и овощные гозе (Ф),Россия ,1,550.0,234.22,1.3482,315.78
Большой пр. В.О,"Atmosphere brew Психоделический Трип, ж/б. 0,450 .",Темные эли (Ф),Россия ,2,900.0,396.0,1.2727,504.0
Большой пр. В.О,"Big Village Twist Joy (berliner weisse) ж/б, 0,450",Сауэр эли (Ф),Россия,1,0.22,212.85,-0.999,-212.63
Большой пр. В.О,"Blue Moon Wit,светлое, 0,330 бут.",Бланш (Ф),Бельгия,2,880.0,374.42,1.3503,505.58
Большой пр. В.О,"Bombardier Premium British, 0,5 бут",Имперское (Ф),Англия,3,2250.0,776.97,1.8959,1473.03
Большой пр. В.О,"Brew division  Forever young, бут., 0,33",Имперское (Ф),Россия ,2,1360.0,616.0,1.2078,744.0
Большой пр. В.О,"Brewlok Кикимора, ж/б. 0,500 .",Темные эли (Ф),Россия,2,760.0,300.7,1.5274,459.3
Большой пр. В.О,"Brewlok Русалка ж/б, 0,450",Сауэр эли (Ф),Россия,2,782.0,362.78,1.1556,419.22
Большой пр. В.О,"Chibis brewery МАКРАМЕ  ж/б 0,450",Сауэр эли (Ф),Россия,1,620.0,280.0,1.2143,340.0
Большой пр. В.О,"Gas Brew Jupiter thrill, ж/б. 0,450 .",Сауэр эли (Ф),Россия ,1,470.0,210.0,1.2381,260.0
Большой пр. В.О,"Gas Brew Saltmelier: Naryan-Mar, ж/б, 0,500",Гозе и овощные гозе (Ф),Россия,1,429.74,210.0,1.0464,219.74
Большой пр. В.О,"Gravity Project Bananed Banana, бут. 0,5л",Сидры и пуаре ур 2 (Ф),Россия,3,1314.58,653.4000000000001,0.93885,661.18
Большой пр. В.О,"Konix Cappuccino Stout, ж/б. 0,500 .",Темные эли (Ф),Россия ,1,290.0,140.0,1.0714,150.0
Большой пр. В.О,"Konix The Night Gate, 0,375",Имперское (Ф),Россия,3,1770.0,795.0,1.2264,975.0
Большой пр. В.О,"Konix Орион, ж/б. 0,450.",Другие охмеленные (Ф),Россия ,4,1279.0,600.0,1.131675,679.0
Большой пр. В.О,Lapochka Pineapple + Lychee ж/б 0.33,Напитки б/а (Ф),Россия,8,1750.08,896.0,0.9133285714285714,854.0799999999999
Большой пр. В.О,"Lapochka peach+verbena, ж/б 0.33",Напитки б/а (Ф),Россия,4,870.1,448.0,0.9421999999999999,422.1
Большой пр. В.О,"Lapochka Мираж: малина, гранат, ромашка, ж/б 0.33",Напитки б/а (Ф),Россия,4,1160.0,448.0,1.5893,712.0
Большой пр. В.О,"Lapochka Попробуй технологии на вкус, ж/б 0.33",Напитки б/а (Ф),Россия,1,290.0,112.0,1.5893,178.0
Большой пр. В.О,Magic Mess | Это моё болото | 500мл.,Сауэр эли (Ф),Россия,1,530.0,239.12,1.2165,290.88
Большой пр. В.О,"MagicMess Сёрф , 0,500 ж/б",ИПА (Ф),Россия,1,490.0,226.38,1.1645,263.62
Большой пр. В.О,Newcastle 0.33 бут,"Карамельное, янтарное пиво 2 Ф",Англия,2,1180.0,465.6,1.5344,714.4
Большой пр. В.О,"Old Speckled Hen, 0,5 ж/б","Карамельное, янтарное пиво 2 Ф",Англия,2,1100.0,446.2,1.4653,653.8
Большой пр. В.О,"PP Paraglider, ж/б. 0,500 .","Голден эли, АПА, Пэйл эли (Ф)",Россия ,2,1240.0,523.8,1.3673,716.2
Большой пр. В.О,"Plague brew Невская пивоварня London, 0.45 ж/б",Темные эли (Ф),Россия,1,440.0,200.0,1.2,240.0
Большой пр. В.О,"Plague brew Чечик,  ж/б. 0,500 .",Сауэр эли (Ф),Россия ,5,2268.44,1250.0,0.9297249999999999,1018.44
Большой пр. В.О,"Plan B Ghostwind, ж/б. 0,450 .",ИПА (Ф),Россия ,1,360.0,194.75,0.8485,165.25
Большой пр. В.О,"Polnochnyj Project  black damage, ж/б 0,5",Другие охмеленные (Ф),Россия,1,680.0,308.46,1.2045,371.54
Большой пр. В.О,"Polnochnyj Project your quintuple sour kitchen juice, ж/б 0,5",Сауэр эли (Ф),Россия,1,630.0,285.18,1.2091,344.82
Большой пр. В.О,"Sabotage TOTEM, 0,45 ж/б",ИПА (Ф),Россия,1,440.0,201.96,1.1786,238.04
Большой пр. В.О,"Saldens Double IPA ж/б. 0,450 .",Дабл ИПА + (Ф),Россия ,1,520.0,225.0,1.3111,295.0
Большой пр. В.О,"Selfmade 2X ж/б, 0,500",Дабл ИПА + (Ф),Россия,1,570.0,250.47,1.2757,319.53
Большой пр. В.О,"Selfmade Warlock Ritual ж/б, 0,500",Сауэр эли (Ф),Россия,1,540.0,227.7,1.3715,312.3
Большой пр. В.О,"StadsHaven Great White, 0,330 бут.",Бланш (Ф),Нидерланды,1,420.0,143.52,1.9264,276.48
Большой пр. В.О,"StadsHaven Moray IPA бут. 0,330 .",ИПА (Ф),Нидерланды,4,1680.0,608.64,1.7603,1071.3600000000001
Большой пр. В.О,"StadsHaven Octopus Blond 0,330 бут.",Светлая столовая бельгия (Ф),Бельгия,13,3260.12,1961.05,0.99455,1299.07
Большой пр. В.О,"Sullivan's Maltings 0,500 бут.","Карамельное, янтарное пиво 2 Ф",Ирландия,1,540.0,250.0,1.16,290.0
Большой пр. В.О,TRYWILD | 11 Aronia | 750мл.,Сидры и пуаре ур 2 (Ф),Россия,2,2780.0,1266.0,1.1959,1514.0
Большой пр. В.О,TRYWILD | La Dich | 750мл.,Сидры и пуаре ур 2 (Ф),Россия,1,1300.0,580.0,1.2414,720.0
Большой пр. В.О,"Zagovor Цитра Цитра Цитра, ж/б. 0,450 .",ИПА (Ф),Россия,1,454.47,276.0,0.6466,178.47000000000003
Большой пр. В.О,"Айингер Лагер Хелл, 0,500 бут.",Хели (Ф),Германия ,13,9750.0,4122.3,1.3652,5627.7
Большой пр. В.О,"Айингер Столетнее , 0,500 бут.",Хели (Ф),Германия ,1,750.0,317.1,1.3652,432.9
Большой пр. В.О,"Айингер Урвайсс, 0,500 бут.",Вайсс (Ф),Германия,2,1464.5700000000002,634.2,1.30935,830.37
Большой пр. В.О,"Араета 2021 грушевый 0,75 л бут.",Сидры и пуаре ур 2 (Ф),Испания,1,1050.0,484.0,1.1694,566.0
Большой пр. В.О,"Араета 2021 яблочный 0,75 л бут.",Сидры и пуаре ур 2 (Ф),Испания,1,850.0,406.0,1.0936,444.0
Большой пр. В.О,"Брю Дивижн Бэк ту Революшн ,  0,500 жб.",Дабл ИПА + (Ф),Россия,2,1040.0,400.0,1.6,640.0
Большой пр. В.О,"Бульви Шорли Вишня б/а 0,450",Сидры б/а (Ф),Россия,6,2100.0,750.0,1.8,1350.0
Большой пр. В.О,"Бульви сидр Тоффи 0,5 бут.",Сидры и пуаре ур 2 (Ф),Россия,2,960.0,420.0,1.2857,540.0
Большой пр. В.О,"Бургунь де Фландер, 0,330 бут.",Флемиш (Ф),Бельгия,1,676.97,344.35,0.9659,332.62
Большой пр. В.О,"Вайнштефан Оригинал Хеллес б/а, светлое, 0,500 бут.",Пиво б/а (Ф),Германия,4,1621.5,866.92,1.0006,754.5799999999999
Большой пр. В.О,"Вайнштефан Оригинал, светлое, 0,500 бут.",Хели (Ф),Германия ,6,1180.8,1569.72,0.12800000000000006,-388.9200000000001
Большой пр. В.О,"Вайнштефан Хефе Вайсбир, светлое, 0,500 бут.",Вайсс (Ф),Германия,3,1770.0,784.92,1.255,985.08
Большой пр. В.О,"Вайнштефан Хефевайсбир б/a,0,500 бут.",Другое нефильтрованное пиво (Ф,Германия,3,1470.0,615.0600000000001,1.39,854.94
Большой пр. В.О,"Вандер Гинсте, 0,250 бут.",Флемиш (Ф),Бельгия,3,1682.2,576.0,1.9204666666666668,1106.2
Большой пр. В.О,"Велка Морава Take Five, ж/б. 0,500 .","Голден эли, АПА, Пэйл эли (Ф)",Россия,3,1234.9,552.0,1.2371333333333334,682.9
Большой пр. В.О,"Верхаге Барбе Крик темное, 0,330 бут.",Крепкая вишня и персик (Ф),Бельгия,1,690.0,314.45,1.1943,375.55
Большой пр. В.О,"Вестмалле Траппист Дубль, 0,330 бут.",Темная столовая бельгия (Ф),Бельгия,2,1180.0,462.0,1.5541,718.0
Большой пр. В.О,"Делириум Рэд, 0,330 бут.",Крепкая вишня и персик (Ф),Бельгия,1,850.0,269.0,2.1599,581.0
Большой пр. В.О,"Делириум Тременс, 0,330 бут.",Светлая столовая бельгия (Ф),Бельгия,4,2880.0,1124.0,1.5622999999999998,1756.0
Большой пр. В.О,"Джоус Атомная Прачечная, светлое, 0,500 бут.",Пиво б/а (Ф),Россия,8,4482.49,2111.8599999999997,1.14432,2370.63
Большой пр. В.О,"Джоус Овсяный Стаут, темное, 0,500 бут.",Темные эли (Ф),Россия,2,877.15,400.0,1.1928999999999998,477.15
Большой пр. В.О,"Джоус Саур Бриз Грейпфрут, 0,500 бут.",Сауэр эли (Ф),Россия,1,420.0,255.0,0.6471,165.0
Большой пр. В.О,"Дюшес Де Бургунь 0,330 бут.",Флемиш (Ф),Бельгия,8,5496.85,2560.72,1.138542857142857,2936.13
Большой пр. В.О,"Заговор Фрактал, ж/б. 0,500 .",Сауэр эли (Ф),Россия,6,3207.52,1596.0,0.999575,1611.52
Большой пр. В.О,"Заповедник  ЛингонЭппл 0,3 л бут.",Сидры и пуаре ур 2 (Ф),Россия,3,1410.0,630.0,1.2381,780.0
Большой пр. В.О,"Заповедник  Умебоши 0,3 л бут.",Сидры и пуаре ур 2 (Ф),Россия,3,395.12,616.28,-0.03870000000000001,-221.16000000000003
Большой пр. В.О,"Заповедник Плацебо  0,33 л бут.",Сидры и пуаре ур 2 (Ф),Россия,1,290.0,210.0,0.381,80.0
Большой пр. В.О,"Заповедник Ревность (Ревень), бут. 0,330",Сидры и пуаре ур 2 (Ф),Россия ,3,1290.0,582.0,1.2165,708.0
Большой пр. В.О,"Заповедник Черри Шот  0,33 л бут.",Сидры и пуаре ур 2 (Ф),Россия,1,490.0,200.62,1.4424,289.38
Большой пр. В.О,"Зеро Поинт Портер 42 б/а, 0,330 ж/б",Пиво б/а (Ф),Россия,2,780.0,323.4,1.4119,456.6
Большой пр. В.О,"Зеро Поинт Силк Роуд б/а, 0,330 ж/б",Пиво б/а (Ф),Россия,4,1500.1,646.8,1.319275,853.3000000000001
Большой пр. В.О,"Зубр Голд , 0,500 бут.",Пилснеры (Ф),Чехия,4,1960.0,885.16,1.2143,1074.8400000000001
Большой пр. В.О,"Зундерт 10 Траппист 0,330 бут.",Крепкая бельгия 8+ (Ф),Нидерланды,1,950.0,388.0,1.4485,562.0
Большой пр. В.О,"Кастил Руж, 0,330 бут.",Крепкая вишня и персик (Ф),Бельгия,4,2084.71,1296.0,0.7385,788.7099999999999
Большой пр. В.О,Квак Амбер 0.33,Светлая столовая бельгия (Ф),Бельгия,3,2370.0,957.0,1.4765,1413.0
Большой пр. В.О,Кулинар Черничный Ночи,Сауэр эли (Ф),Россия,2,1298.3400000000001,649.9,0.9977499999999999,648.44
Большой пр. В.О,"Ла Трапп Квадрупель, темное, 0,330 бут.",Крепкая бельгия 8+ (Ф),Нидерланды,2,1700.0,630.0,1.6984,1070.0
Большой пр. В.О,"Ла Траппе Исидор, 0,750 бут.",Светлая столовая бельгия (Ф),Нидерланды,1,1590.0,743.0,1.14,847.0
Большой пр. В.О,"Мантра Galaxy Edge, ж/б. 0,500",Бланш (Ф),Россия,1,605.67,325.0,0.8636,280.66999999999996
Большой пр. В.О,"Мантра Galaxy blue, ж/б. 0,500",Сауэр эли (Ф),Россия,1,690.0,251.0,1.749,439.0
Большой пр. В.О,"О'харас Ред  Нитро, 0,440 ж/б",Темные эли (Ф),Ирландия,3,1808.54,906.0,1.0104,902.54
Большой пр. В.О,"Одна Тонна Choko Mammuth , ж/б 0,330 .",Темные эли (Ф),Россия,3,1290.0,555.0,1.3243,735.0
Большой пр. В.О,"Орвал, 0,330 бут.",Крепкая бельгия 8+ (Ф),Бельгия,8,6798.43,2928.0,1.239375,3870.43
Большой пр. В.О,"Парадокс Мичелада ж/б. 0,330 .",Гозе и овощные гозе (Ф),Россия,1,460.0,259.0,0.7761,201.0
Большой пр. В.О,"План Б Rare Bird, ж/б., 0,5",ИПА (Ф),Россия,2,780.0,366.7,1.1271,413.3
Большой пр. В.О,"План Б Sand Runner, 0.45 ж/б",ИПА (Ф),Россия,2,834.3,389.5,1.142,444.79999999999995
Большой пр. В.О,"План Б Райз оф Зе Зомбис, ж/б., 0,450","Голден эли, АПА, Пэйл эли (Ф)",Россия,4,1725.77,748.6,1.305325,977.1700000000001
Большой пр. В.О,"План Б Солнечный Ветер, ж/б, 0,450","Голден эли, АПА, Пэйл эли (Ф)",Россия,2,900.0,366.7,1.4543,533.3
Большой пр. В.О,"Полночный Проект Lord Of The Board, ж/б, 0,500","Голден эли, АПА, Пэйл эли (Ф)",Россия,2,907.95,461.72,0.96645,446.22999999999996
Большой пр. В.О,"Полночный Проект Икарус, ж/б, 0,500",НЕИПА (Ф),Россия,4,2360.0,1070.88,1.2038,1289.12
Большой пр. В.О,"Ребел Эпл Кармилла, 0,33 бут.",Сидры и пуаре ур 2 (Ф),Россия,1,0.13,176.4,-0.9993,-176.27
Большой пр. В.О,"Ригеле Вайцен Допельбок Аугустус, 0,500 бут.",Другое нефильтрованное пиво (Ф,Германия,4,650.63,1185.29,0.09715000000000001,-534.6600000000001
Большой пр. В.О,"Ригеле Вюрцигес Экспорт, 0,500 бут.",Хели (Ф),Германия ,4,2484.0,1110.24,1.2373500000000002,1373.76
Большой пр. В.О,"Ригеле Файнес Урхелль, светлое, 0,500 бут.",Хели (Ф),Германия ,1,0.21,270.28,-0.9992,-270.07
Большой пр. В.О,"Ригеле Хефевайсбир, светлое, 0,500 бут.",Вайсс (Ф),Германия,2,1380.0,555.12,1.4859,824.88
Большой пр. В.О,"Рошфор 6, 0,330 бут.",Светлая столовая бельгия (Ф),Бельгия,1,580.0,261.0,1.2222,319.0
Большой пр. В.О,"С-Петерс Руби ред, 0,500 бут.","Карамельное, янтарное пиво 2 Ф",Англия,5,2189.3,1558.3300000000002,0.40488,630.9699999999999
Большой пр. В.О,"Саботаж Пицца Тайм  ж/б, 0,500",Гозе и овощные гозе (Ф),Россия,3,1470.0,680.13,1.1614,789.8699999999999
Большой пр. В.О,"Степь и ветер Punch,  0.450 ж/б",Миды и меломели (Ф),Россия ,2,1180.0,544.88,1.1656,635.12
Большой пр. В.О,"СэлфМэйд ceremony, ж/б. 0,450 .",НЕИПА (Ф),Россия,4,2120.0,938.52,1.2589,1181.48
Большой пр. В.О,"Трипл Кармелит, 0,330 бут.",Крепкая бельгия 8+ (Ф),Бельгия,1,690.0,311.0,1.2186,379.0
Большой пр. В.О,"Фердинанд б/а, 0,500 бут.",Пиво б/а (Ф),Чехия,1,420.0,231.83,0.8117,188.17
Большой пр. В.О,"Фуллерс ЕСБ, 0,500 бут.","Карамельное, янтарное пиво 2 Ф",Англия,5,3687.0,1743.55,1.1302,1943.45
Большой пр. В.О,"Шапо Ананас Ламбик, 0,250 бут.",Фруктовые ламбики (столовые) Ф,Бельгия,7,1994.47,1603.0,0.3894,391.46999999999997
Большой пр. В.О,"Шимэ Рэд Кап, 0,330 бут.",Темная столовая бельгия (Ф),Бельгия,1,770.0,300.0,1.5667,470.0
Большой пр. В.О,"Шнайдер TАР7, 0,500 бут.",Вайсс (Ф),Германия,2,0.42,569.48,-0.9993,-569.0600000000001
Большой пр. В.О,"Шнайдер Авентинус Вайзен-Айсбок, 0,330 бут.",Другое нефильтрованное пиво (Ф,Германия ,1,890.0,381.73,1.3315,508.27
Большой пр. В.О,"Шнайдер Авентинус ТАР6, 0,500 бут.",Темные эли (Ф),Германия,2,0.47,630.4,-0.9993,-629.93
Большой пр. В.О,"Шнайдер Майне Хелле ТАР1, 0,500 бут.",Вайсс (Ф),Германия,2,650.21,569.48,0.14175,80.72999999999996
Большой пр. В.О,"Штраффе Квадрюпель Херитэйдж дерев. кор., 0,75 бут.",Крепкая бельгия 8+ (Ф),Бельгия,3,4504.77,6738.0,0.0023500000000000187,-2233.2299999999996
Большой пр. В.О,"Эплтон Пич , бут. 0,5л",Сидры и пуаре ур 2 (Ф),Россия,2,684.88,358.0,0.9131,326.88
Большой пр. В.О,"Якобинс Кюве Руж, темное, 0,330 бут.",Крепкая вишня и персик (Ф),Бельгия,3,2380.67,900.0,1.6451666666666667,1480.67
Варшавская, Brewlok  Мыло Асс.,Напитки б/а (Ф),Россия,5,1900.0,965.1500000000001,0.9686,934.8499999999999
Варшавская,"4BREWERS Заяц в шоке, ж/б. 0,450",Сауэр эли (Ф),Россия ,2,1016.89,532.0,0.91145,484.89
Варшавская,"4Brewers  Магия , ж/б. 0,500 .",Сауэр эли (Ф),Россия ,2,1300.0,519.4,1.5029,780.6
Варшавская,"4Brewers Грибы судьбы ж/б 0,450 ",Сауэр эли (Ф),Россия ,1,450.0,206.78,1.1762,243.22
Варшавская,"4Brewers Зависимость Болгарский перц, ж/б. 0,450 .",Гозе и овощные гозе (Ф),Россия ,5,2241.68,1154.57,0.8964500000000001,1087.1100000000001
Варшавская,"4Brewers Зависимость, ж/б. 0,450 .",Гозе и овощные гозе (Ф),Россия ,1,435.13,200.9,1.1659,234.23
Варшавская,"4Brewers Схемки, 0,450 ж/б",НЕИПА (Ф),Россия ,1,590.0,267.0,1.2097,323.0
Варшавская,Andreev Meridian Breeze 0.75,Сидры и пуаре ур 2 (Ф),Россия,1,1200.0,560.0,1.1429,640.0
Варшавская,"Big Village Момиджигари, ж/б. 0,500 .",Сауэр эли (Ф),Россия,2,1100.0,514.8,1.1368,585.2
Варшавская,"Chibis brewery Сладкоежка 2  ж/б 0,450",Сауэр эли (Ф),Россия,3,1729.8600000000001,810.0,1.1108500000000001,919.86
Варшавская,"Chibis brewery Сладкоежка 3  ж/б 0,450",Сауэр эли (Ф),Россия,3,1673.71,810.0,1.0663333333333334,863.71
Варшавская,"Gletcher Nut Butter, ж/б. 0,500 .",Темные эли (Ф),Россия ,1,390.0,172.0,1.2674,218.0
Варшавская,"Konix Salt and Malt, ж/б. 0,450 .",Гозе и овощные гозе (Ф),Россия ,6,2129.55,840.0,1.5978,1289.55
Варшавская,"Konix Орион, ж/б. 0,450.",Другие охмеленные (Ф),Россия ,2,840.0,344.0,1.4419,496.0
Варшавская,"Lapochka Cherry Cola, ж/б 0.33",Напитки б/а (Ф),Россия,1,290.0,112.0,1.5893,178.0
Варшавская,Lapochka Christmas ж/б 0.33,Напитки б/а (Ф),Россия,1,290.0,112.0,1.5893,178.0
Варшавская,Lapochka Pear+Ginger+CBD ж/б 0.33,Напитки б/а (Ф),Россия,2,580.0,248.0,1.3387,332.0
Варшавская,Midnight Project | Cyberpunk Shotgun | 500мл.,Дабл ИПА + (Ф),Россия,5,2928.91,1202.8,1.43506,1726.11
Варшавская,"PP Gose 0.5, бан",Другие охмеленные (Ф),Россия,2,900.0,413.22,1.178,486.78
Варшавская,Sabotage | Электродог | 500мл.,ИПА (Ф),Россия,1,490.0,0.0,0.0,490.0
Варшавская,"Saldens American IPA Six Hops ж/б. 0,450 .",Дабл ИПА + (Ф),Россия ,2,980.0,480.0,1.0417,500.0
Варшавская,"Selfmade Space Navigator, ж/б. 0,450 .",НЕИПА (Ф),Россия ,1,550.0,250.0,1.2,300.0
Варшавская,"StadsHaven Great White, 0,330 бут.",Бланш (Ф),Нидерланды,1,470.0,149.6,2.1417,320.4
Варшавская,"StadsHaven Moray IPA бут. 0,330 .",ИПА (Ф),Нидерланды,3,1227.68,454.5,1.7011666666666667,773.1800000000001
Варшавская,"АФ БРЮ Ингрия 0,330 бут.",ИПА (Ф),Россия,3,1320.0,591.0,1.2335,729.0
Варшавская,"АФ БРЮ Ит зе даст МОЗАИК, ж/б. 0,500 .",Дабл ИПА + (Ф),Россия,1,590.0,195.0,2.0256,395.0
Варшавская,"АФ БРЮ Расбери из май сенкчуари, ж/б. 0,500 .",Сауэр эли (Ф),Россия,2,980.0,622.0,0.5756,358.0
Варшавская,"Айингер Лагер Хелл, 0,500 бут.",Хели (Ф),Германия ,9,6390.0,2853.9,1.239,3536.1
Варшавская,"Айингер Столетнее , 0,500 бут.",Хели (Ф),Германия ,6,4260.0,1902.6,1.239,2357.4
Варшавская,"Айингер Фестмарцен , 0,500 бут.",Другие лагеры (Ф),Германия,8,6160.0,2442.24,1.5223,3717.76
Варшавская,"Бакунин Рэд Маньак, ж/б. 0,500 .",Другие охмеленные (Ф),Россия,1,590.0,235.0,1.5106,355.0
Варшавская,Бембел Голд 0.5 л ж/б.,Сидры и пуаре ур 2 (Ф),Германия,1,520.0,250.0,1.08,270.0
Варшавская,Бембел Кирш 0.5 л ж/б.,Сидры и пуаре ур 2 (Ф),Германия,1,520.0,250.0,1.08,270.0
Варшавская,"Брю Дивижн Ай Рай. Рай Ай Пи Эй, 0,500 жб.","Голден эли, АПА, Пэйл эли (Ф)",Россия,3,1560.0,741.0,1.1053,819.0
Варшавская,"Брю Дивижн Бэк ту Революшн ,  0,500 жб.",Дабл ИПА + (Ф),Россия,4,1783.6399999999999,800.0,1.22955,983.64
Варшавская,"Брюгге зот дюбель, 0,330 бут.",Светлая столовая бельгия (Ф),Бельгия,1,620.0,277.0,1.2383,343.0
Варшавская,"Брюгге зот, 0,330 бут.",Светлая столовая бельгия (Ф),Бельгия,5,2950.0,1345.0,1.1933,1605.0
Варшавская,"Бульви Артизиан Розе Брют, 0,750 бут.",Сидры и пуаре ур 2 (Ф),Россия,1,860.0,620.0,0.3871,240.0
Варшавская,"Бульви Вивизеро, сухой 0,45 л бут.",Сидры б/а (Ф),Россия,2,940.0,420.0,1.2381,520.0
Варшавская,"Бульви Пуаре, 0,750 бут.",Сидры б/а (Ф),Россия,2,1600.0,898.0,0.7817,702.0
Варшавская,"Бульви Рустик полусладкий, бут. 0,45л",Сидры б/а (Ф),Россия,1,450.0,199.0,1.2613,251.0
Варшавская,"Бун Крик 0,250 бут.",Фруктовые ламбики (столовые) Ф,Бельгия,1,440.0,200.09,1.199,239.91
Варшавская,"Вайнштефан Оригинал, светлое, 0,500 бут.",Хели (Ф),Германия ,12,7080.0,3139.44,1.2552,3940.56
Варшавская,"Вайнштефан Хефе Вайсбир, светлое, 0,500 бут.",Вайсс (Ф),Германия,2,1163.33,525.02,1.2157499999999999,638.3100000000001
Варшавская,"Васька Светлое, 0,450 бут.",Другие лагеры (Ф),Россия,5,1350.0,550.0,1.4545000000000001,800.0
Варшавская,Васька Чёрное 0.45л бут,Темные эли (Ф),Россия,4,1030.7,440.0,1.3354333333333333,590.7
Варшавская,"Верхаге Барбе Крик темное, 0,330 бут.",Крепкая вишня и персик (Ф),Бельгия,2,1380.0,628.9,1.1943,751.1
Варшавская,"Вестмалле Траппист Дубль, 0,330 бут.",Темная столовая бельгия (Ф),Бельгия,1,590.0,231.0,1.5541,359.0
Варшавская,"Горьковская Into the Unknown, 0,440 бут.",Имперское (Ф),Россия,1,460.0,225.0,1.0444,235.0
Варшавская,"Дальняя дача №1 сухой 0,500, ж/б",Сидры и пуаре ур 2 (Ф),Россия,2,1020.52,384.0,1.6576,636.52
Варшавская,"Дальняя дача №2 полусухой 0,500, ж/б",Сидры и пуаре ур 2 (Ф),Россия,2,1020.53,384.0,1.6576,636.53
Варшавская,"Делириум Тременс, 0,330 бут.",Светлая столовая бельгия (Ф),Бельгия,1,720.0,281.0,1.5623,439.0
Варшавская,"Джоус Ай Эм Саури Свитти, б/а, 0,45 ж/б",Пиво б/а (Ф),Россия,1,450.0,229.0,0.9651,221.0
Варшавская,"Джоус Атомная Прачечная, светлое, 0,500 бут.",Пиво б/а (Ф),Россия,1,590.0,259.0,1.278,331.0
Варшавская,"Джоус Дурак, 0,500 бут.",Имперское (Ф),Россия,2,1240.0,598.0,1.0736,642.0
Варшавская,"Джоус Овсяный Стаут, темное, 0,500 бут.",Темные эли (Ф),Россия,2,728.5,400.0,0.8213,328.5
Варшавская,"Джоус Русский Имперский Стаут, 0,330 бут.",Имперское (Ф),Россия,1,470.0,245.0,0.9184,225.0
Варшавская,"Дюшес Де Бургунь 0,330 бут.",Флемиш (Ф),Бельгия,3,1501.0,960.27,0.17309999999999998,540.73
Варшавская,"Заговор Hop Division, ж/б. 0,500 .",Сауэр эли (Ф),Россия,5,2881.0,1255.0,1.29562,1626.0
Варшавская,"Заповедник  Le Shouga 0,33 л бут.",Сидры и пуаре ур 2 (Ф),Россия,1,530.0,228.0,1.3246,302.0
Варшавская,"Зундерт 10 Траппист 0,330 бут.",Крепкая бельгия 8+ (Ф),Нидерланды,1,950.0,388.0,1.4485,562.0
Варшавская,"КУЛИНАР Штрудель ГРУША-ЯБЛОКО, 0,5л ж/б",Сауэр эли (Ф),Россия,3,1860.0,1071.0,0.7367,789.0
Варшавская,Квак Амбер 0.33,Светлая столовая бельгия (Ф),Бельгия,6,4740.0,1914.0,1.4765,2826.0
Варшавская,"Курпфальц Ур-Вайцен, 0,500 бут.",Вайсс (Ф),Германия,2,1105.1399999999999,519.0,1.12935,586.14
Варшавская,"Ла Гильотин, 0,330 бут.",Крепкая бельгия 8+ (Ф),Бельгия,1,750.0,254.0,1.9528,496.0
Варшавская,"Ла Трапп Блонд,0,330 бут.",Светлая столовая бельгия (Ф),Нидерланды,3,1770.0,825.0,1.1455,945.0
Варшавская,"Ла Трапп Дюббель, темное, 0,330 бут.",Темная столовая бельгия (Ф),Нидерланды,1,690.0,273.0,1.5275,417.0
Варшавская,"Ла Трапп Трипель, светлое, 0,330 бут.",Крепкая бельгия 8+ (Ф),Нидерланды,2,1229.0,578.0,1.1263,651.0
Варшавская,"Мэри, го хоум (томатный гозе), 0,500, ж/б",ИПА (Ф),Россия,3,1067.85,516.0,1.0694333333333335,551.85
Варшавская,"Островица Gose, 0,450 ж/б",Гозе и овощные гозе (Ф),Россия,3,1260.0,591.0,1.132,669.0
Варшавская,"Островица Холи ДИПА, 0,450 ж/б",Дабл ИПА + (Ф),Россия,3,1290.0,616.0,1.1272,674.0
Варшавская,"Парадокс Iconic West Coast IPA, ж/б, 0,500",ИПА (Ф),Россия,4,2314.59,964.0,1.401,1350.5900000000001
Варшавская,"Парадокс Jungle spirit  0,45, ж/б",Сауэр эли (Ф),Россия,5,2950.0,1245.0,1.3695,1705.0
Варшавская,"Парадокс Стафф Онли (Гозе), ж/б, 0,500",Гозе и овощные гозе (Ф),Россия,1,320.0,207.0,0.5459,113.0
Варшавская,"Парадокс Фатум: Весткост Дабл ИПА, ж/б, 0,500",Дабл ИПА + (Ф),Россия,3,1650.0,717.0,1.3013,933.0
Варшавская,"Петрус Рэд, 0,330 бут.",Крепкая вишня и персик (Ф),Бельгия,1,850.0,413.0,1.0581,437.0
Варшавская,"План Б Ковбой Мальборо, ж/б., 0,500",ИПА (Ф),Россия,3,1170.0,615.0,0.9024,555.0
Варшавская,"План Б Отличный план, ж/б., 0,5",ИПА (Ф),Россия,6,2520.0,1260.0,1.0,1260.0
Варшавская,"План Б Тропикал Пэйнкиллер, 0,500 ж/б",Дабл ИПА + (Ф),Россия,3,1143.69,660.0,0.7328666666666667,483.69
Варшавская,"Полночный Проект Икарус, ж/б, 0,500",НЕИПА (Ф),Россия,5,2548.1099999999997,1338.6000000000001,0.7718333333333334,1209.5099999999998
Варшавская,"Ребел Эпл Дикий Крест, 0,45 бут.",Сидры и пуаре ур 2 (Ф),Россия,4,1905.94,873.92,1.1809249999999998,1032.02
Варшавская,"Ригеле Альте Вайс, темное, 0,500 бут.",Темные эли (Ф),Германия,1,704.12,330.0,1.1337,374.12
Варшавская,"Ригеле Аугсбургер Херренпилс, 0,500 бут.",Пилснеры (Ф),Германия,5,3750.0,1387.8,1.7021,2362.2
Варшавская,"Ригеле Вайсс, б/а, светлое, 0,500 бут.",Пиво б/а (Ф),Германия,6,3900.0,1388.11,1.80958,2511.89
Варшавская,"Ригеле Вюрцигес Экспорт, 0,500 бут.",Хели (Ф),Германия ,5,3750.0,1387.8,1.7021,2362.2
Варшавская,"Ригеле Коммерциенрат, 0,500 бут.",Хели (Ф),Германия ,3,2167.26,827.56,1.6186,1339.7
Варшавская,"Ригеле Файнес Урхелль, светлое, 0,500 бут.",Хели (Ф),Германия ,6,4442.28,1680.56,1.6461999999999999,2761.7200000000003
Варшавская,"Родное яблочко  Драй  0,500 .",Сидры и пуаре ур 2 (Ф),Россия,2,980.0,440.0,1.2273,540.0
Варшавская,"Рэбел Эппл Bride, бут. 0,75",Сидры и пуаре ур 2 (Ф),Россия ,1,2100.0,970.2,1.1645,1129.8
Варшавская,"С-Петерс  Бест Биттер, 0,500 бут.","Карамельное, янтарное пиво 2 Ф",Англия,2,1180.0,360.0,2.2778,820.0
Варшавская,"С-Петерс Руби ред, 0,500 бут.","Карамельное, янтарное пиво 2 Ф",Англия,3,1770.0,810.0,1.1852,960.0
Варшавская,"С-Петерс Хани Портер, 0,500 бут.",Темные эли (Ф),Англия,3,1770.0,210.0,7.4286,1560.0
Варшавская,"Саботаж Хоп Райдер  ж/б, 0,500",НЕИПА (Ф),Россия,1,520.0,237.0,1.1941,283.0
Варшавская,"Селфмэйд BFG  ж/б, 0,500",Дабл ИПА + (Ф),Россия,3,1650.0,732.0,1.2541,918.0
Варшавская,"Сидр ЛиК V6.0 0,450 бут.",Сидры и пуаре ур 2 (Ф),Россия,3,1260.0,471.0,1.6752,789.0
Варшавская,"Сидр ЛиК V7.0 0,450 бут.",Сидры и пуаре ур 2 (Ф),Россия,4,1331.3600000000001,628.0,0.8833,703.36
Варшавская,"Степь И Ветер Вишня, ж/б, 0,45",Миды и меломели (Ф),Россия,1,490.0,223.44,1.193,266.56
Варшавская,"Степь И Ветер Мед и Абрикос 0,45 ж/б",Миды и меломели (Ф),Россия,1,490.0,223.44,1.193,266.56
Варшавская,"СэлфМэйд ceremony, ж/б. 0,450 .",НЕИПА (Ф),Россия,2,1000.0,478.0,1.0921,522.0
Варшавская,"Трипл Кармелит, 0,330 бут.",Крепкая бельгия 8+ (Ф),Бельгия,1,631.0,347.0,0.8184,284.0
Варшавская,"Фуллерс ЕСБ, 0,500 бут.","Карамельное, янтарное пиво 2 Ф",Англия,2,1540.0,697.42,1.2081,842.58
Варшавская,"Фуллерс Лондон Блэк Каб Стаут, 0,500 бут.",Темные эли (Ф),Англия,2,1540.0,697.42,1.2081,842.58
Варшавская,"Фуллерс Лондон Портер, 0,500 бут.",Темные эли (Ф),Англия,3,2070.0,1046.1299999999999,0.9787,1023.8700000000001
Варшавская,"Фуллерс Лондон Прайд, 0,500 бут.","Карамельное, янтарное пиво 2 Ф",Англия,2,1500.0,697.42,1.1508,802.58
Варшавская,Херкенрод Ноктис брюн 0.75 б,Крепкая бельгия 8+ (Ф),Бельгия,1,1800.0,845.0,1.1302,955.0
Варшавская,"Шнайдер Майне Хелле ТАР1, 0,500 бут.",Вайсс (Ф),Германия,3,1667.63,860.1299999999999,0.9388,807.5
Варшавская,"Шнайдер ТАР5, 0,500 бут.",Другое нефильтрованное пиво (Ф,Германия,1,750.0,354.32,1.1167,395.68
Варшавская,"Штамм Бревери Хоп Ган Батл Роял, ж/б. 0,500 .","Голден эли, АПА, Пэйл эли (Ф)",Россия,3,1650.0,753.0,1.1912,897.0
Варшавская,"Эплтон Пич , бут. 0,5л",Сидры и пуаре ур 2 (Ф),Россия,1,316.0,179.0,0.7654,137.0
Кременчугская, Brewlok  Мыло Асс.,Напитки б/а (Ф),Россия,7,2660.0,1351.21,0.9686,1308.79
Кременчугская,"4Brewers | Зависимость"" Черный перец"" | 450мл.",Гозе и овощные гозе (Ф),Россия,1,520.0,223.44,1.3272,296.56
Кременчугская,"4Brewers Большой брат, ж/б. 0,500 .",Дабл ИПА + (Ф),Россия ,4,2133.42,893.76,1.3621666666666667,1239.66
Кременчугская,"4Brewers Зависимость Зеленые оливки, ж/б. 0,450 .",Гозе и овощные гозе (Ф),Россия ,4,2080.0,889.84,1.3374999999999997,1190.1599999999999
Кременчугская,"4Brewers Зависимость, ж/б. 0,450 .",Гозе и овощные гозе (Ф),Россия ,4,2080.0,803.6,1.5884,1276.4
Кременчугская,"Atmosphere brew Кислый движ, ж/б. 0,500 .",Сауэр эли (Ф),Россия ,3,1320.0,594.0,1.2222,726.0
Кременчугская,"Bombardier Premium British, 0,5 бут",Имперское (Ф),Англия,1,750.0,263.45,1.8468,486.55
Кременчугская,Brewlok | Черный Пес | 500мл.,ИПА (Ф),Россия,2,734.26,353.08,1.07955,381.18
Кременчугская,"Gletcher Nut Butter, ж/б. 0,500 .",Темные эли (Ф),Россия ,4,1560.0,688.0,1.2674,872.0
Кременчугская,"Gravity Project Blueberry Jam, бут. 0,5л",Сидры б/а (Ф),Россия,2,900.0,475.2,0.8939,424.8
Кременчугская,"Gypsy Queen абрикос молочный улун, ж/б 0.33",Напитки б/а (Ф),Россия,1,320.0,140.58,1.2763,179.42
Кременчугская,"Konix Cappuccino Stout, ж/б. 0,500 .",Темные эли (Ф),Россия ,3,1170.0,420.0,1.7857,750.0
Кременчугская,"Konix Choose your Fighter, ж/б. 0,450 .",НЕИПА (Ф),Россия ,5,2699.0,1450.0,0.852625,1249.0
Кременчугская,"Konix Mary Stay Home, ж/б. 0,500 .",Гозе и овощные гозе (Ф),Россия ,4,1720.0,828.0,1.0773,892.0
Кременчугская,"Konix Salt and Malt, ж/б. 0,450 .",Гозе и овощные гозе (Ф),Россия ,3,1170.0,420.0,1.7857,750.0
Кременчугская,Konix Сладкоежка 500мл.,Сауэр эли (Ф),Россия,1,520.0,270.0,0.9259,250.0
Кременчугская,Lapochka cola ж/б 0.33,Напитки б/а (Ф),Россия,1,290.0,112.0,1.5893,178.0
Кременчугская,"Lapochka Мираж: малина, гранат, ромашка, ж/б 0.33",Напитки б/а (Ф),Россия,4,895.12,447.95,0.99825,447.16999999999996
Кременчугская,"Lapochka Попробуй технологии на вкус, ж/б 0.33",Напитки б/а (Ф),Россия,7,2030.0,783.21,1.5919333333333334,1246.79
Кременчугская,Midnight Project | Cyberpunk Shotgun | 500мл.,Дабл ИПА + (Ф),Россия,5,2838.75,1202.8,1.3601199999999998,1635.95
Кременчугская,Newcastle 0.33 бут,"Карамельное, янтарное пиво 2 Ф",Англия,1,590.0,252.2,1.3394,337.8
Кременчугская,"Old Speckled Hen, 0,5 ж/б","Карамельное, янтарное пиво 2 Ф",Англия,5,3300.0,1115.5,1.9583000000000002,2184.5
Кременчугская,"PP Anubis, бут. 0,500 .",Имперское (Ф),Россия,1,630.0,276.45,1.2789,353.55
Кременчугская,"PP Noggenfogger Elixir, ж/б. 0,500 .",НЕИПА (Ф),Россия ,2,1260.0,519.92,1.4234,740.08
Кременчугская,"PP Жигуликеллер, 0,500 ж/б.",Другие лагеры (Ф),Мексика,3,1590.0,712.95,1.2302,877.0500000000001
Кременчугская,Paradox | IPA | 450мл.,ИПА (Ф),Россия,1,440.0,207.0,1.1256,233.0
Кременчугская,"Sabotage Sour Habit,500мл.",Сауэр эли (Ф),Россия,1,490.0,0.0,0.0,490.0
Кременчугская,"Saldens Citra & Mosaic DIPA, ж/б. 0,450 .",Дабл ИПА + (Ф),Россия ,4,1903.66,900.0,1.115175,1003.6600000000001
Кременчугская,"Saldens Triple IPA ж/б. 0,450 .",Дабл ИПА + (Ф),Россия ,1,550.0,245.0,1.2449,305.0
Кременчугская,"StadsHaven Great White, 0,330 бут.",Бланш (Ф),Нидерланды,24,8321.279999999999,3482.95,1.7753,4838.33
Кременчугская,"StadsHaven Moray IPA б/а бут. 0,330 .",Пиво б/а (Ф),Нидерланды,2,980.0,299.2,2.2754,680.8
Кременчугская,"StadsHaven Moray IPA бут. 0,330 .",ИПА (Ф),Нидерланды,1,370.74,152.81,1.4262,217.93
Кременчугская,"StadsHaven Octopus Blond 0,330 бут.",Светлая столовая бельгия (Ф),Бельгия,3,1230.7,430.47,1.8589333333333335,800.23
Кременчугская,"StadsHaven RedHead Ale, 0,330 бут.","Карамельное, янтарное пиво 2 Ф",Нидерланды,1,420.0,142.0,1.9577,278.0
Кременчугская,"StadsHaven Sailor's lager , 0,330 бут.",Другие лагеры (Ф),Нидерланды,1,420.0,143.52,1.9264,276.48
Кременчугская,"Zagovor Emo in A Big City, ж/б. 0,500 .",Сауэр эли (Ф),Россия ,1,630.68,231.0,1.7302,399.67999999999995
Кременчугская,"Zagovor Цитра Цитра Цитра, ж/б. 0,450 .",ИПА (Ф),Россия,3,1331.0,828.0,0.6075333333333334,503.0
Кременчугская,"АФ БРЮ Ингрия 0,330 бут.",ИПА (Ф),Россия,3,1320.0,591.0,1.2335,729.0
Кременчугская,"АФ БРЮ Ит зе даст МОЗАИК, ж/б. 0,500 .",Дабл ИПА + (Ф),Россия,2,1141.85,590.0,0.93535,551.85
Кременчугская,"АФ БРЮ Пэшн из май конфешн, ж/б. 0,500 .",Сауэр эли (Ф),Россия,2,1120.0,622.0,0.8006,498.0
Кременчугская,"АФ БРЮ Хоппи Серф, бут. 0,33 бут .","Голден эли, АПА, Пэйл эли (Ф)",Россия,1,420.0,191.0,1.199,229.0
Кременчугская,"Августин Блонд 0,330 бут.",Светлая столовая бельгия (Ф),Бельгия,2,944.0,364.0,1.5934,580.0
Кременчугская,"Августинер Эдельштофф, 0,500 бут.",Хели (Ф),Германия ,1,750.0,344.35,1.178,405.65
Кременчугская,"Айингер Лагер Хелл, 0,500 бут.",Хели (Ф),Германия ,4,2840.0,1268.4,1.239,1571.6
Кременчугская,"Айингер Фестмарцен , 0,500 бут.",Другие лагеры (Ф),Германия,14,10634.92,4273.92,1.4827000000000001,6361.0
Кременчугская,"Баптист Вит, 0,33 бут",Бланш (Ф),Нидерланды,20,11505.0,4942.35,1.40355,6562.65
Кременчугская,"Белхевен Блэк Стаут, 0,440  ж/б.",Темные эли (Ф),Бельгия,5,3450.0,1243.52,1.774375,2206.48
Кременчугская,"Борнем Дубль, 0,330 бут.",Темная столовая бельгия (Ф),Бельгия,1,590.0,212.36,1.7783,377.64
Кременчугская,"Борнем трипль, 0,330 бут.",Светлая столовая бельгия (Ф),Бельгия,3,1950.0,774.0,1.5194,1176.0
Кременчугская,"Брю Дивижн Вайсглюк Унзере Хефевайцен, 0,500 бут.",Вайсс (Ф),Россия,1,169.03,203.0,-0.1673,-33.97
Кременчугская,"Брюгге зот дюбель, 0,330 бут.",Светлая столовая бельгия (Ф),Бельгия,1,620.0,277.0,1.2383,343.0
Кременчугская,"Брюгге зот, 0,330 бут.",Светлая столовая бельгия (Ф),Бельгия,4,2360.0,1076.0,1.1933,1284.0
Кременчугская,"Бульви Pixie 0,5 бут.",Сидры б/а (Ф),Россия,3,1470.0,645.0,1.2791,825.0
Кременчугская,"Бульви Рустик полусладкий, бут. 0,45л",Сидры б/а (Ф),Россия,4,1638.7,796.0,0.85605,842.7
Кременчугская,"Бульви Сидр Розе, 0,750 бут.",Сидры и пуаре ур 2 (Ф),Россия,2,1147.16,860.0,0.3339,287.1600000000001
Кременчугская,"Вайнштефан Оригинал Хеллес б/а, светлое, 0,500 бут.",Пиво б/а (Ф),Германия,1,490.0,216.73,1.2609,273.27
Кременчугская,"Вайнштефан Оригинал, светлое, 0,500 бут.",Хели (Ф),Германия ,4,2304.42,1090.33,1.00235,1214.09
Кременчугская,"Вайнштефан Хефе Вайсбир, светлое, 0,500 бут.",Вайсс (Ф),Германия,10,5870.5,2616.3999999999996,1.23246,3254.1000000000004
Кременчугская,"Вайнштефан Хефевайсбир б/a,0,500 бут.",Другое нефильтрованное пиво (Ф,Германия,3,1470.0,615.0600000000001,1.39,854.94
Кременчугская,"Вальдеранс сидр де Бретань Брют 0,75 л бут.",Сидры и пуаре ур 2 (Ф),Франция,2,5000.0,1526.0,2.2765,3474.0
Кременчугская,"Василеостровский Пуаре, 0,750 бут.",Фруктовые ламбики (столовые) Ф,Россия,1,530.0,265.0,1.0,265.0
Кременчугская,"Верхаге Барбе Крик темное, 0,330 бут.",Крепкая вишня и персик (Ф),Бельгия,3,2001.0,943.3499999999999,1.13945,1057.65
Кременчугская,"Вичвуд Брювери Хобгоблин Голд, 0,500 ж/б","Карамельное, янтарное пиво 2 Ф",Англия,3,1400.91,753.6899999999999,0.8587333333333333,647.22
Кременчугская,"Вичвуд Брювери Хобгоблин Стаут, 0,500 бут.",Темные эли (Ф),Англия,1,520.0,237.01,1.194,282.99
Кременчугская,"Гиннес 0,0, ж/б 0,440",Темные эли (Ф),Ирландия,1,450.0,315.25,0.4274,134.75
Кременчугская,"Гиннесс Драфт, 0,440 ж/б",Темные эли (Ф),Ирландия,15,9300.0,3564.75,1.6089,5735.25
Кременчугская,"Глетчер Милк оф Амнезия  0.5, бан",Другие охмеленные (Ф),Россия,4,1560.0,692.0,1.2543,868.0
Кременчугская,"Гулден Драак Фуршет , 0,750 бут.",Крепкая бельгия 8+ (Ф),Бельгия,1,2590.0,1006.0,1.5746,1584.0
Кременчугская,"Дальняя дача №1 сухой 0,500, ж/б",Сидры и пуаре ур 2 (Ф),Россия,5,2600.0,960.0,1.7083,1640.0
Кременчугская,"Дальняя дача №2 п/сухой 0,500, стекло",Сидры и пуаре ур 2 (Ф),Россия,1,490.0,192.0,1.5521,298.0
Кременчугская,"Дальняя дача №2 полусухой 0,500, ж/б",Сидры и пуаре ур 2 (Ф),Россия,5,2600.0,860.0,2.0233,1740.0
Кременчугская,"Дальняя дача №3 полусладкий 0,500, ж/б",Сидры и пуаре ур 2 (Ф),Россия,1,468.0,0.0,0.0,468.0
Кременчугская,"Делириум Тременс, 0,330 бут.",Светлая столовая бельгия (Ф),Бельгия,1,720.0,176.2,3.0863,543.8
Кременчугская,"Джоус Американский Пэйл Эль, светлое, 0,450бут.","Голден эли, АПА, Пэйл эли (Ф)",Россия,1,470.0,219.0,1.1461,251.0
Кременчугская,"Джоус Атомная Прачечная Extra Ipa,  0,500 бут.",Дабл ИПА + (Ф),Россия,2,1231.0,590.0,1.08645,641.0
Кременчугская,"Джоус Атомная Прачечная, светлое, 0,500 бут.",Пиво б/а (Ф),Россия,17,9646.55,4520.0,1.1311666666666667,5126.549999999999
Кременчугская,"Джоус Лагер, светлое, 0,500 бут.",Другие лагеры (Ф),Россия,4,1635.65,796.0,1.1069499999999999,839.6500000000001
Кременчугская,"Джоус Мюних Хеллес 0,500 бут.",Другие лагеры (Ф),Россия,4,1560.0,696.25,1.2406,863.75
Кременчугская,"Джоус Саур Бриз Грейпфрут, 0,500 бут.",Сауэр эли (Ф),Россия,2,940.0,480.0,0.9583,460.0
Кременчугская,"Джоус Саур Бриз Манго, 0,500 бут.",Сауэр эли (Ф),Россия,2,840.0,480.0,0.75,360.0
Кременчугская,"Джоус Спот Кола, б/а, 0,330 ж/б",Напитки б/а (Ф),Россия,1,245.41,190.0,0.2916,55.41
Кременчугская,"Дюшес Де Бургунь 0,330 бут.",Флемиш (Ф),Бельгия,2,1207.05,640.18,0.8855,566.8700000000001
Кременчугская,"Заговор Indwell ж/б. 0,500 .",НЕИПА (Ф),Россия,1,590.0,271.0,1.1771,319.0
Кременчугская,"Заговор Пиксель, ж/б. 0,450 .",ИПА (Ф),Россия,1,590.0,248.0,1.379,342.0
Кременчугская,"Заповедник  Le Shouga 0,33 л бут.",Сидры и пуаре ур 2 (Ф),Россия,1,530.0,247.0,1.1457,283.0
Кременчугская,"Заповедник АБАНАМАТ  0,45 л бут.",Сидры и пуаре ур 2 (Ф),Россия,4,2080.0,857.37,1.4182,1222.63
Кременчугская,"Зеро Поинт сила ветра б/а, 0,330 ж/б",Пиво б/а (Ф),Россия,3,1110.0,585.0,0.8973999999999999,525.0
Кременчугская,"КУЛИНАР Гранатовый эклер , 0.450 ж/б",Сауэр эли (Ф),Россия ,1,65.33,384.0,-0.8299,-318.67
Кременчугская,"КУЛИНАР Штрудель Вишня, 0,5л ж/б",Сауэр эли (Ф),Россия,1,650.0,291.0,1.2337,359.0
Кременчугская,"КУЛИНАР Штрудель ГРУША-ЯБЛОКО, 0,5л ж/б",Сауэр эли (Ф),Россия,2,1240.0,714.0,0.7367,526.0
Кременчугская,Квак 0.75,Светлая столовая бельгия (Ф),Бельгия,2,3580.0,1618.0,1.2126,1962.0
Кременчугская,Квак Амбер 0.33,Светлая столовая бельгия (Ф),Бельгия,4,2666.76,1276.0,1.08995,1390.76
Кременчугская,Квак Блонд 0.75,Светлая столовая бельгия (Ф),Бельгия,3,3990.0,2535.0,0.574,1455.0
Кременчугская,"Киис Enjoy The Silence 0,330 ж/б.",Крепкая бельгия 8+ (Ф),Нидерланды,1,1290.0,472.0,1.7331,818.0
Кременчугская,"Киис Экспорт Портер, 0,330 бут.",Имперское (Ф),Нидерланды,3,2370.0,1392.0,0.7026,978.0
Кременчугская,"Клаусталер 0%,  0,330 бут.",Пиво б/а (Ф),Германия,1,490.0,155.2,2.1572,334.8
Кременчугская,"Коникс Sweet Bear w/ Caramel, ж/б. 0,500 .",Темные эли (Ф),Россия,4,1760.0,780.0,1.2564,980.0
Кременчугская,"Коникс Дать Шанс, ж/б. 0,500 .",Другие охмеленные (Ф),Россия,2,1040.0,480.0,1.1667,560.0
Кременчугская,"Ла Трапп Блонд,0,330 бут.",Светлая столовая бельгия (Ф),Нидерланды,7,4130.0,1925.0,1.1455,2205.0
Кременчугская,"Ла Трапп Исидор, темное, 0,330 бут.",Светлая столовая бельгия (Ф),Нидерланды,5,3600.0,1479.5,1.4272,2120.5
Кременчугская,"Ла Трапп Квадрупель, темное, 0,330 бут.",Крепкая бельгия 8+ (Ф),Нидерланды,3,1772.56,945.0,0.8756999999999998,827.56
Кременчугская,"Ла Трапп Трипель, светлое, 0,330 бут.",Крепкая бельгия 8+ (Ф),Нидерланды,2,1580.0,578.0,1.7336,1002.0
Кременчугская,"Леффе Брюн, 0,330 бут.",Темная столовая бельгия (Ф),Бельгия,4,1960.0,814.8,1.4055,1145.2
Кременчугская,"Нью Ригас Коза в малиннике, 0,450 ж/б.",Сауэр эли (Ф),Россия,1,420.0,171.76,1.4453,248.24
Кременчугская,"Нью Ригас Комета, 0,450 ж/б.",ИПА (Ф),Россия,7,2730.0,1066.03,1.5609,1663.97
Кременчугская,"Омер,330 бут.",Светлая столовая бельгия (Ф),Бельгия,1,590.0,256.0,1.3047,334.0
Кременчугская,"Орвал, 0,330 бут.",Крепкая бельгия 8+ (Ф),Бельгия,1,67.44,366.0,-0.8157,-298.56
Кременчугская,"Островица Gose, 0,450 ж/б",Гозе и овощные гозе (Ф),Россия,1,420.0,197.0,1.132,223.0
Кременчугская,"Островица Juicy IPA, 0,45 ж/б",ИПА (Ф),Россия,5,2250.0,1023.37,1.1986500000000002,1226.63
Кременчугская,"Островица Американ Пейл Эль, 0,500 ж/б","Голден эли, АПА, Пэйл эли (Ф)",Россия,6,1780.34,1116.88,0.4400799999999999,663.46
Кременчугская,"Островица Индиа Пейл Эль, 0,450 ж/б",ИПА (Ф),Россия,2,780.0,368.6,1.1161,411.4
Кременчугская,"Парадокс Мичелада ж/б. 0,330 .",Гозе и овощные гозе (Ф),Россия,3,1770.0,600.0,1.95,1170.0
Кременчугская,"Парадокс Фатум: Весткост Дабл ИПА, ж/б, 0,500",Дабл ИПА + (Ф),Россия,5,2670.56,1295.0,1.0852499999999998,1375.56
Кременчугская,"Ребел Эпл Дикий Крест Полусухой, 0,45 бут.",Сидры и пуаре ур 2 (Ф),Россия,2,980.0,493.14,0.9873,486.86
Кременчугская,"Ребел Эпл Дикий Крест, 0,45 бут.",Сидры и пуаре ур 2 (Ф),Россия,3,1470.0,756.0,0.9444,714.0
Кременчугская,"Ребел Эпл Кармилла, 0,33 бут.",Сидры и пуаре ур 2 (Ф),Россия,1,390.0,206.0,0.8932,184.0
Кременчугская,"Ригеле Аугсбургер Херренпилс, 0,500 бут.",Пилснеры (Ф),Германия,5,2693.81,1388.93,0.749375,1304.88
Кременчугская,"Ригеле Вюрцигес Экспорт, 0,500 бут.",Хели (Ф),Германия ,5,2600.58,1387.8,1.18445,1212.78
Кременчугская,"Ригеле Келлербир, темное, 0,500 бут.",Другое нефильтрованное пиво (Ф,Германия,2,1380.0,594.0,1.3232,786.0
Кременчугская,"Ригеле Коммерциенрат, 0,500 бут.",Хели (Ф),Германия ,2,1500.0,555.12,1.7021,944.88
Кременчугская,"Ригеле Файнес Урхелль, светлое, 0,500 бут.",Хели (Ф),Германия ,3,1989.0,810.8399999999999,1.453,1178.16
Кременчугская,"Ригеле Хелль, б/а, светлое, 0,500 бут.",Пиво б/а (Ф),Германия,4,2535.0,960.0,1.6631666666666665,1575.0
Кременчугская,"Рошфор 10, 0,330 бут.",Крепкая бельгия 8+ (Ф),Бельгия,1,850.0,378.0,1.2487,472.0
Кременчугская,"Рошфор 6, 0,330 бут.",Светлая столовая бельгия (Ф),Бельгия,1,580.0,261.0,1.2222,319.0
Кременчугская,"Рэбел Эппл Bride, бут. 0,75",Сидры и пуаре ур 2 (Ф),Россия ,2,4200.0,1940.4,1.1645,2259.6
Кременчугская,"С-Петерс Индиа Пейл Эль, 0,500 бут.",ИПА (Ф),Англия,2,1180.0,357.85,2.2975000000000003,822.1500000000001
Кременчугская,"С-Петерс Хани Портер, 0,500 бут.",Темные эли (Ф),Англия,1,590.0,70.0,7.4286,520.0
Кременчугская,"Сидр ЛиК V6.0 0,450 бут.",Сидры и пуаре ур 2 (Ф),Россия,2,840.0,314.0,1.6752,526.0
Кременчугская,"Славянское Солнце Квас Традиционный, б/а, жб. 0,450 .",Пиво б/а (Ф),Россия,2,500.0,190.0,1.6316,310.0
Кременчугская,"Степь И Ветер Дыня Лемонграс, 0,45 ж/б",Миды и меломели (Ф),Россия,4,1960.0,976.08,1.008,983.92
Кременчугская,"Степь и ветер Punch,  0.450 ж/б",Миды и меломели (Ф),Россия ,1,590.0,272.44,1.1656,317.56
Кременчугская,Степь и ветер TONIC MEAD Мёд сладкий 0.450 ж/б,Напитки б/а (Ф),Россия ,2,980.0,446.0,1.1973,534.0
Кременчугская,"Токсовская сидрерия Smoked, 0,330 бут",Сидры и пуаре ур 2 (Ф),Россия,1,390.0,201.0,0.9403,189.0
Кременчугская,"Токсовская сидрерия Костры рябин, 0,330 бут",Сидры и пуаре ур 2 (Ф),Россия,2,940.0,422.0,1.2275,518.0
Кременчугская,"Трипл Кармелит, 0,330 бут.",Крепкая бельгия 8+ (Ф),Бельгия,1,690.0,351.0,0.9658,339.0
Кременчугская,"Трипл Кармелит, 0,75 бут.",Крепкая бельгия 8+ (Ф),Бельгия,3,6900.0,2460.0,1.8049,4440.0
Кременчугская,"Флорис Манго, 0,330 бут.",Фруктовые ламбики (столовые) Ф,Бельгия,2,840.0,380.0,1.2105,460.0
Кременчугская,"Фуллерс ЕСБ, 0,500 бут.","Карамельное, янтарное пиво 2 Ф",Англия,5,3850.0,1697.5,1.268,2152.5
Кременчугская,"Фуллерс Лондон Блэк Каб Стаут, 0,500 бут.",Темные эли (Ф),Англия,5,3850.0,1697.5,1.268,2152.5
Кременчугская,"Фуллерс Лондон Портер, 0,500 бут.",Темные эли (Ф),Англия,5,3450.0,1697.5,1.0324,1752.5
Кременчугская,"Фуллерс Лондон Прайд, 0,500 бут.","Карамельное, янтарное пиво 2 Ф",Англия,1,750.0,405.71,0.8486,344.29
Кременчугская,"Фурнье сидр де Норманди Брют 0,75 л бут.",Сидры и пуаре ур 2 (Ф),Франция,2,1900.0,1192.0,0.594,708.0
Кременчугская,Херкенрод Блонд 0.33 б,Светлая столовая бельгия (Ф),Бельгия,1,520.0,358.0,0.4525,162.0
Кременчугская,"Шапо Малина Ламбик, 0,0375 бут.",Фруктовые ламбики (столовые) Ф,Бельгия,4,3960.0,1500.0,1.64,2460.0
Кременчугская,"Шнайдер TАР7, 0,500 бут.",Вайсс (Ф),Германия,2,1240.0,569.48,1.1774,670.52
Кременчугская,"Шнайдер Майне Хелле ТАР1, 0,500 бут.",Вайсс (Ф),Германия,4,2567.5,1138.96,1.2447333333333332,1428.54
Кременчугская,"Шнайдер ТАР5, 0,500 бут.",Другое нефильтрованное пиво (Ф,Германия,3,2157.09,1017.6600000000001,1.1274333333333333,1139.4299999999998
Кременчугская,"Штраффе Хендрикс Брюгс Квадрюпель,330 бут.",Крепкая бельгия 8+ (Ф),Бельгия,4,3000.0,1340.0,1.2388,1660.0
Кременчугская,"Штраффе Хендрикс Брюгс Трипл,330 бут.",Крепкая бельгия 8+ (Ф),Бельгия,2,1500.0,665.67,1.2533500000000002,834.33
Кременчугская,"Якобинс Крик Макс, светлое, 0,250 бут.",Фруктовые ламбики (столовые) Ф,Бельгия,5,2667.5,970.0,1.7818999999999998,1697.5
Лиговский,4BREWERS | Dr.Nopain | 500мл.,Сауэр эли (Ф),Россия,2,765.0,448.84,0.7044,316.16
Лиговский,"4BREWERS Заяц в шоке, ж/б. 0,450",Сауэр эли (Ф),Россия ,2,1080.0,478.24,1.2583,601.76
Лиговский,"4Brewers  Лимонно-гранатовый тарт, ж/б. 0,500 .",Сауэр эли (Ф),Россия ,1,446.5,223.44,0.9983,223.06
Лиговский,"4Brewers  Магия , ж/б. 0,500 .",Сауэр эли (Ф),Россия ,2,1235.0,0.0,0.0,1235.0
Лиговский,"4Brewers Neuro Juice, ж/б. 0,500 .",Гозе и овощные гозе (Ф),Россия ,2,931.0,446.88,1.0833,484.12
Лиговский,"4Brewers Вторая Личность, ж/б. 0,500 .",Темные эли (Ф),Россия ,1,370.5,196.0,0.8903,174.5
Лиговский,"4Brewers Доза (Манго + Ананас) , ж/б. 0,500 .",Сауэр эли (Ф),Россия ,1,550.0,0.0,0.0,550.0
Лиговский,"4Brewers Доза [Mango + Pineapple + Grapefruit], ж/б. 0,500 .",Сауэр эли (Ф),Россия ,2,900.0,478.24,0.8819,421.76
Лиговский,"4Brewers Доза Апельсин Манго Ананас, ж/б. 0,500 .",Сауэр эли (Ф),Россия ,1,450.0,0.0,0.0,450.0
Лиговский,"4Brewers Доза(банан+ гуава + манго) , ж/б. 0,500 .",Сауэр эли (Ф),Россия ,1,560.0,0.0,0.0,560.0
Лиговский,"4Brewers Зависимость Зеленые оливки, ж/б. 0,450 .",Гозе и овощные гозе (Ф),Россия ,3,1192.5,667.38,0.7868333333333334,525.12
Лиговский,"4Brewers Зависимость, ж/б. 0,450 .",Гозе и овощные гозе (Ф),Россия ,6,2542.5,1205.4,1.0831,1337.1
Лиговский,"4Brewers Магия (Black currant, Cherry, Chocolate, Date syrup, ж/б. 0,500 .",Сауэр эли (Ф),Россия ,2,740.0,468.44,0.5797,271.56
Лиговский,"4Brewers Укропная Зависимость , ж/б. 0,500 .",Гозе и овощные гозе (Ф),Россия ,3,1170.0,702.66,0.7051000000000001,467.34000000000003
Лиговский,"4Brewers Юффий, ж/б. 0,450 .",Темные эли (Ф),Россия ,1,351.5,185.22,0.8977,166.28
Лиговский,"4Brewers не кричи на кимчи ж/б. 0,500 .",Гозе и овощные гозе (Ф),Россия ,1,315.0,223.44,0.4098,91.56
Лиговский,"Atmosphere brew Психоделический Трип, ж/б. 0,450 .",Темные эли (Ф),Россия ,2,780.0,416.0,0.875,364.0
Лиговский,Brewlok | Черный Пес | 500мл.,ИПА (Ф),Россия,4,1501.5,686.76,1.1864,814.74
Лиговский,"Brewlok Василиса, бут. 0,450 .",Имперское (Ф),Россия,2,819.0,388.0,1.1108,431.0
Лиговский,"Brewlok Русалка ж/б, 0,450",Сауэр эли (Ф),Россия,4,1680.0,725.56,1.3155,954.44
Лиговский,"DaDa сидр #3 (Полусладкий), бут. 0,500 .",Сидры и пуаре ур 2 (Ф),Россия,14,6517.0,3066.0,1.1256,3451.0
Лиговский,"Gletcher Nut Butter, ж/б. 0,500 .",Темные эли (Ф),Россия ,2,741.0,344.0,1.1541,397.0
Лиговский,"New Riga's White Moon , ж/б. 0,450 .",Темные эли (Ф),Россия ,4,1155.0,620.0,0.8629,535.0
Лиговский,"New Rigas Varka Cherry, ж/б, 0,500",Сауэр эли (Ф),Россия,5,1518.0,800.0,0.8219,718.0
Лиговский,"Old Speckled Hen, 0,5 ж/б","Карамельное, янтарное пиво 2 Ф",Англия,5,1755.0,828.0,1.090125,927.0
Лиговский,"PP Gose 0.5, бан",Другие охмеленные (Ф),Россия,2,900.0,413.22,1.178,486.78
Лиговский,"Paulaner Hefe Weissbier , 0,500 бут.",Вайсс (Ф),Германия,1,490.0,252.2,0.9429,237.8
Лиговский,"Sabotage Lost in Dogma,500мл.",Сауэр эли (Ф),Россия,1,490.0,0.0,0.0,490.0
Лиговский,"Saldens American IPA Six Hops ж/б. 0,450 .",Дабл ИПА + (Ф),Россия ,1,490.0,215.0,1.2791,275.0
Лиговский,"Selfmade Tomato Method,  ж/б, 0,500",Гозе и овощные гозе (Ф),Россия,3,1421.0,579.1500000000001,1.47475,841.8499999999999
Лиговский,"StadsHaven Great White, 0,330 бут.",Бланш (Ф),Нидерланды,2,798.0,347.53,1.2962,450.47
Лиговский,"StadsHaven Moray IPA б/а бут. 0,330 .",Пиво б/а (Ф),Нидерланды,3,870.0,426.0,1.0423,444.0
Лиговский,"StadsHaven Octopus Blond 0,330 бут.",Светлая столовая бельгия (Ф),Бельгия,5,2100.0,818.0,1.5672,1282.0
Лиговский,"StadsHaven RedHead Ale, 0,330 бут.","Карамельное, янтарное пиво 2 Ф",Нидерланды,2,798.0,356.0,1.2416,442.0
Лиговский,"StadsHaven Sailor's lager , 0,330 бут.",Другие лагеры (Ф),Нидерланды,6,2436.0,1068.0,1.2809333333333333,1368.0
Лиговский,"Айингер Лагер Хелл, 0,500 бут.",Хели (Ф),Германия ,15,10108.5,5006.85,1.0212444444444444,5101.65
Лиговский,"Айингер Столетнее , 0,500 бут.",Хели (Ф),Германия ,1,710.0,333.79,1.1271,376.21
Лиговский,"Айингер Фестмарцен , 0,500 бут.",Другие лагеры (Ф),Германия,2,1501.5,642.7,1.3361999999999998,858.8
Лиговский,"Айнзидлер Пилснер , 0,500 бут.",Пилснеры (Ф),Германия,1,560.5,300.0,0.8683,260.5
Лиговский,"Араета 2021 грушевый 0,75 л бут.",Сидры и пуаре ур 2 (Ф),Испания,1,940.5,484.0,0.9432,456.5
Лиговский,"Араета 2021 яблочный 0,75 л бут.",Сидры и пуаре ур 2 (Ф),Испания,1,940.5,406.0,1.3165,534.5
Лиговский,Белхеван Scottish ale 0.44 ж/б,"Карамельное, янтарное пиво 2 Ф",Чехия,5,2254.0,1236.75,0.8287,1017.25
Лиговский,"Борнем Дубль, 0,330 бут.",Темная столовая бельгия (Ф),Бельгия,2,760.5,366.0,1.07785,394.5
Лиговский,"Брю Дивижн Ас Крим, 0,500 бут.",Темные эли (Ф),Россия,4,1677.0,0.0,0.0,1677.0
Лиговский,"Брю Дивижн Вайсглюк Унзере Хефевайцен, 0,500 бут.",Вайсс (Ф),Россия,2,855.0,406.0,1.1059,449.0
Лиговский,"Брю Дивижн Он Бейс,  0,500 бут.","Голден эли, АПА, Пэйл эли (Ф)",Россия,6,2439.5,1398.0,0.7377,1041.5
Лиговский,"Брюгге зот, 0,330 бут.",Светлая столовая бельгия (Ф),Бельгия,4,2002.0,1076.0,0.8605750000000001,926.0
Лиговский,"Бульви 1883 полусладкий 0,5 л бут.",Сидры и пуаре ур 2 (Ф),Россия,1,420.0,215.0,0.9535,205.0
Лиговский,"Бульви 1883 полусухой 0,5 л бут.",Сидры и пуаре ур 2 (Ф),Россия,3,1218.0,645.0,0.88025,573.0
Лиговский,"Бульви Артизиан Классик, 0,750 бут.",Сидры и пуаре ур 2 (Ф),Россия,1,880.0,0.0,0.0,880.0
Лиговский,"Бульви Гранат 0,45 бут.",Сидры и пуаре ур 2 (Ф),Россия,4,1872.0,840.0,1.22855,1032.0
Лиговский,"Бульви Петит б/а 0,45 .",Сидры б/а (Ф),Россия,1,320.0,179.0,0.7877,141.0
Лиговский,"Бульви Розе, 0,450 бут",Сидры и пуаре ур 2 (Ф),Россия,5,2352.0,1050.0,1.23998,1302.0
Лиговский,"Бульви Рустик полусухой, бут. 0,45л",Сидры б/а (Ф),Россия,4,1659.0,796.0,1.0577999999999999,863.0
Лиговский,"Бульви Сидр Артизан Брют, 0,750 бут.",Сидры и пуаре ур 2 (Ф),Россия,1,750.0,0.0,0.0,750.0
Лиговский,"Бульви Шорли Гранат б/а 0,450",Сидры б/а (Ф),Россия,2,580.0,256.0,1.2656,324.0
Лиговский,"Вайнштефан Оригинал, светлое, 0,500 бут.",Хели (Ф),Германия ,10,5693.5,2753.8999999999996,0.9549500000000001,2939.6000000000004
Лиговский,"Вайнштефан Хефе Вайсбир, светлое, 0,500 бут.",Вайсс (Ф),Германия,5,2832.0,1377.0500000000002,1.0708333333333333,1454.9499999999998
Лиговский,"Вальдеранс сидр де Бретань Брют 0,75 л бут.",Сидры и пуаре ур 2 (Ф),Франция,1,2375.0,763.0,2.1127,1612.0
Лиговский,"Вандер Гинсте, 0,250 бут.",Флемиш (Ф),Бельгия,4,1521.0,768.0,0.9635666666666666,753.0
Лиговский,"Верхаге Барбе Крик темное, 0,330 бут.",Крепкая вишня и персик (Ф),Бельгия,5,3312.0,1655.0,0.9977499999999999,1657.0
Лиговский,"Вестмалле Траппист Дубль, 0,330 бут.",Темная столовая бельгия (Ф),Бельгия,1,470.0,231.0,1.0346,239.0
Лиговский,"Вичвуд Брювери Хобгоблин Руби, 0,500 ж\б","Карамельное, янтарное пиво 2 Ф",Англия,1,589.0,300.7,0.9588,288.3
Лиговский,"Глетчер Милк оф Амнезия  0.5, бан",Другие охмеленные (Ф),Россия,6,2320.5,1038.0,1.226125,1282.5
Лиговский,"Дальняя дача №1 сухой 0,500, бут",Сидры и пуаре ур 2 (Ф),Россия,16,7191.0,3504.0,1.0455,3687.0
Лиговский,"Дальняя дача №2 п/сухой 0,500, стекло",Сидры и пуаре ур 2 (Ф),Россия,16,7668.5,3504.0,1.20945,4164.5
Лиговский,"Дальняя дача №3 полусладкий 0,500, ж/б",Сидры и пуаре ур 2 (Ф),Россия,1,520.0,0.0,0.0,520.0
Лиговский,"Делириум Рэд, 0,330 бут.",Крепкая вишня и персик (Ф),Бельгия,1,513.0,269.0,0.9071,244.0
Лиговский,"Джоус Американский Пэйл Эль, светлое, 0,450бут.","Голден эли, АПА, Пэйл эли (Ф)",Россия,9,3828.0,1971.0,0.94886,1857.0
Лиговский,"Джоус Атомная Прачечная Extra Ipa,  0,500 бут.",Дабл ИПА + (Ф),Россия,1,690.0,309.0,1.233,381.0
Лиговский,"Джоус Атомная Прачечная, светлое, 0,500 бут.",Пиво б/а (Ф),Россия,15,7592.0,3885.0,0.9484285714285715,3707.0
Лиговский,"Джоус Бланш 0,5 бут.",Бланш (Ф),Россия,6,2106.0,1194.0,0.66585,912.0
Лиговский,"Джоус Вайцен, 0,500 бут.",Вайсс (Ф),Россия,2,722.0,398.0,0.8141,324.0
Лиговский,"Джоус Вихтенаар Ищу человека, 0,500 бут.",Флемиш (Ф),Россия,3,1972.0,1119.0,0.7941,853.0
Лиговский,"Джоус Грезы 0,45, ж/б",Сауэр эли (Ф),Россия,2,799.5,458.0,0.7456499999999999,341.5
Лиговский,"Джоус Ищу человека Red, 0,500 бут.",Флемиш (Ф),Россия,1,760.0,0.0,0.0,760.0
Лиговский,"Джоус Май Априкот Морнинг, б/а, 0,45 ж/б",Сауэр эли (Ф),Россия,1,370.5,0.0,0.0,370.5
Лиговский,"Джоус Мюних Хеллес 0,500 бут.",Другие лагеры (Ф),Россия,14,5148.0,2450.0,1.1338599999999999,2698.0
Лиговский,"Джоус Нитро Стаут, 0,45 ж/б",Темные эли (Ф),Россия,4,1482.0,840.0,0.7643,642.0
Лиговский,"Джоус Овсяный Стаут, темное, 0,500 бут.",Темные эли (Ф),Россия,4,1560.0,800.0,0.9499999999999998,760.0
Лиговский,"Джоус Рэд Видоу, 0,450 ж/б",Флемиш (Ф),Россия,1,494.0,290.0,0.7034,204.0
Лиговский,"Джоус Саур Бриз Манго, 0,500 бут.",Сауэр эли (Ф),Россия,2,855.0,498.0,0.7169,357.0
Лиговский,"Дюшес Де Бургунь 0,330 бут.",Флемиш (Ф),Бельгия,4,2925.0,1347.76,1.17025,1577.24
Лиговский,"Заповедник  Le Shouga 0,33 л бут.",Сидры и пуаре ур 2 (Ф),Россия,2,836.0,456.0,0.8333,380.0
Лиговский,"Заповедник Gypsy Boy & Apple Monster  0,75 л бут.",Сидры и пуаре ур 2 (Ф),Россия,3,2821.5,1347.0,1.0947,1474.5
Лиговский,"Заповедник АБАНАМАТ  0,45 л бут.",Сидры и пуаре ур 2 (Ф),Россия,5,2137.5,1060.0,1.0165,1077.5
Лиговский,"Заповедник Плацебо  0,33 л бут.",Сидры и пуаре ур 2 (Ф),Россия,2,780.0,388.0,1.0103,392.0
Лиговский,"Зеро Поинт Вело Друг б/а, 0,45 ж/б",Пиво б/а (Ф),Россия,2,780.0,390.0,1.0,390.0
Лиговский,"Зеро Поинт Мото Друг б/а, 0,5 ж/б",Пиво б/а (Ф),Россия,5,1782.0,975.0,0.8230999999999999,807.0
Лиговский,"Зеро Поинт Пик Драг б/а, 0,5 ж/б",Пиво б/а (Ф),Россия,4,1440.0,780.0,0.8462,660.0
Лиговский,"Зеро Поинт Портер 42 б/а, 0,330 ж/б",Пиво б/а (Ф),Россия,4,1365.0,780.0,0.75,585.0
Лиговский,"Зубр Голд , 0,500 бут.",Пилснеры (Ф),Чехия,11,5194.0,2562.34,1.024675,2631.66
Лиговский,Квак Амбер 0.33,Светлая столовая бельгия (Ф),Бельгия,4,2464.0,1276.0,0.9394333333333335,1188.0
Лиговский,"Клаусталер 0%,  0,330 бут.",Пиво б/а (Ф),Германия,1,490.0,170.0,1.8824,320.0
Лиговский,"Кулинар Клафути 0,5 ж/б",Сауэр эли (Ф),Россия,4,2760.0,0.0,0.0,2760.0
Лиговский,"Ла Трапп Блонд,0,330 бут.",Светлая столовая бельгия (Ф),Нидерланды,3,1650.0,825.0,1.0,825.0
Лиговский,"Ла Трапп Трипель, светлое, 0,330 бут.",Крепкая бельгия 8+ (Ф),Нидерланды,4,2262.0,1156.0,0.95675,1106.0
Лиговский,"Нью Ригас Коза в малиннике, 0,450 ж/б.",Сауэр эли (Ф),Россия,1,390.0,185.0,1.1081,205.0
Лиговский,"Нью Ригас Комета, 0,450 ж/б.",ИПА (Ф),Россия,3,1032.5,537.0,0.9227,495.5
Лиговский,"Омер,330 бут.",Светлая столовая бельгия (Ф),Бельгия,2,931.0,512.0,0.8184,419.0
Лиговский,"Островица Juicy IPA, 0,45 ж/б",ИПА (Ф),Россия,6,2478.0,1222.2,1.027525,1255.8
Лиговский,"Островица Американ Пейл Эль, 0,500 ж/б","Голден эли, АПА, Пэйл эли (Ф)",Россия,4,1672.0,737.2,1.268,934.8
Лиговский,"Островица Индиа Пейл Эль, 0,450 ж/б",ИПА (Ф),Россия,7,2730.0,1290.1000000000001,1.1161,1439.8999999999999
Лиговский,"Островица Милк Стаут, 0,450 бут.",Темные эли (Ф),Россия,1,370.5,184.3,1.0103,186.2
Лиговский,"Островица Холи ДИПА, 0,450 ж/б",Дабл ИПА + (Ф),Россия,1,420.0,194.0,1.1649,226.0
Лиговский,"Парадокс Инсайдер Красная смородина, 0,500 ж/б",Сидры и пуаре ур 2 (Ф),Россия,1,427.5,0.0,0.0,427.5
Лиговский,"Парадокс Мичелада ж/б. 0,330 .",Гозе и овощные гозе (Ф),Россия,2,1150.5,0.0,0.0,1150.5
Лиговский,"Парадокс Фатум: Весткост Дабл ИПА, ж/б, 0,500",Дабл ИПА + (Ф),Россия,3,1534.0,777.0,0.9742333333333333,757.0
Лиговский,"План Б Отличный план, ж/б., 0,5",ИПА (Ф),Россия,4,1521.0,779.0,0.9692,742.0
Лиговский,"План Б Солнечный Ветер, ж/б, 0,450","Голден эли, АПА, Пэйл эли (Ф)",Россия,4,1501.5,733.4,1.0561666666666667,768.1
Лиговский,"План Б Тропикал Пэйнкиллер, 0,500 ж/б",Дабл ИПА + (Ф),Россия,2,798.0,406.6,0.9626,391.4
Лиговский,"Ребел Эпл Дикий Крест Полусухой, 0,45 бут.",Сидры и пуаре ур 2 (Ф),Россия,4,1755.0,882.0,1.0068,873.0
Лиговский,"Ригеле Вюрцигес Экспорт, 0,500 бут.",Хели (Ф),Германия ,2,1345.5,584.34,1.3026,761.16
Лиговский,"Ригеле Коммерциенрат, 0,500 бут.",Хели (Ф),Германия ,23,15145.5,6719.91,1.2554,8425.59
Лиговский,"Ригеле Файнес Урхелль, светлое, 0,500 бут.",Хели (Ф),Германия ,10,6865.5,2845.0,1.40104,4020.5
Лиговский,"Ригеле Хелль, б/а, светлое, 0,500 бут.",Пиво б/а (Ф),Германия,3,1852.5,735.0,1.5204,1117.5
Лиговский,"Ригеле Хефевайсбир, светлое, 0,500 бут.",Вайсс (Ф),Германия,7,4320.0,2045.19,1.1175,2274.81
Лиговский,"Родное яблочко  Драй  0,500 .",Сидры и пуаре ур 2 (Ф),Россия,5,2327.5,1100.0,1.1159,1227.5
Лиговский,"Родное яблочко  Семисвит Б\А 0,500 .",Сидры и пуаре ур 2 (Ф),Россия,2,931.0,398.0,1.3392,533.0
Лиговский,"Рошфор 10, 0,330 бут.",Крепкая бельгия 8+ (Ф),Бельгия,1,750.0,378.0,0.9841,372.0
Лиговский,"Рошфор 6, 0,330 бут.",Светлая столовая бельгия (Ф),Бельгия,4,2054.0,1044.0,0.9674,1010.0
Лиговский,"Сент Бернардус 12 0,330 бут.",Крепкая бельгия 8+ (Ф),Бельгия,1,650.0,321.0,1.0249,329.0
Лиговский,"Сент Бернардус Трипель 0,330 бут.",Крепкая бельгия 8+ (Ф),Бельгия,1,513.0,272.0,0.886,241.0
Лиговский,"Степь И Ветер Pyment , 0,45 ж/б",Миды и меломели (Ф),Россия,2,742.5,446.88,0.66155,295.62
Лиговский,"Степь И Ветер Вишня, ж/б, 0,45",Миды и меломели (Ф),Россия,2,900.0,446.88,1.014,453.12
Лиговский,"Степь И Ветер Дыня Лемонграс, 0,45 ж/б",Миды и меломели (Ф),Россия,3,1260.0,732.0600000000001,0.7211666666666666,527.9399999999999
Лиговский,"Степь И Ветер Мид Мед и Смородина , бут., 0,45",Миды и меломели (Ф),Россия,3,1305.0,670.3199999999999,0.9468666666666667,634.6800000000001
Лиговский,"Степь И Ветер Традиционный , 0,45 ж/б",Миды и меломели (Ф),Россия,4,1732.5,666.4,1.6110333333333333,1066.1
Лиговский,"СэлфМэйд ceremony, ж/б. 0,450 .",НЕИПА (Ф),Россия,1,350.0,234.63,0.4917,115.37
Лиговский,"Трипл Кармелит, 0,330 бут.",Крепкая бельгия 8+ (Ф),Бельгия,3,1711.0,933.0,0.8497,778.0
Лиговский,"Фуллерс ЕСБ, 0,500 бут.","Карамельное, янтарное пиво 2 Ф",Англия,2,1311.0,679.0,0.9308,632.0
Лиговский,"Фуллерс Лондон Блэк Каб Стаут, 0,500 бут.",Темные эли (Ф),Англия,3,2233.0,1101.18,1.0278333333333334,1131.82
Лиговский,"Фуллерс Лондон Портер, 0,500 бут.",Темные эли (Ф),Англия,9,6003.0,3303.54,0.8014666666666668,2699.46
Лиговский,"Фуллерс Лондон Прайд, 0,500 бут.","Карамельное, янтарное пиво 2 Ф",Англия,1,750.0,367.06,1.0433,382.94
Лиговский,"Фурнье сидр де Норманди Брют 0,75 л бут.",Сидры и пуаре ур 2 (Ф),Франция,1,902.5,596.0,0.5143,306.5
Лиговский,"Фурнье сидр де Норманди Розе 0,33 л бут.",Сидры и пуаре ур 2 (Ф),Франция,2,1311.0,718.0,0.8259,593.0
Лиговский,"Фурнье сидр де Норманди Розе 0,75 л бут.",Сидры и пуаре ур 2 (Ф),Франция,1,845.5,636.0,0.3294,209.5
Лиговский,"Шимэ Рэд Кап, 0,330 бут.",Темная столовая бельгия (Ф),Бельгия,1,590.0,300.0,0.9667,290.0
Лиговский,"Шнайдер Майне Хелле ТАР1, 0,500 бут.",Вайсс (Ф),Германия,1,589.0,344.35,0.7105,244.64999999999998
Лиговский,"Шнайдер ТАР5, 0,500 бут.",Другое нефильтрованное пиво (Ф,Германия,1,712.5,337.07,1.1138,375.43
