KEG_ID,KEG_NAME,MATCHED_DISHES,DISHES_COUNT,STATUS
652a25aa-2b63-4da5-8bc5-46741f2f788c,КЕГ Atmosphere brew Кислый Движ 20 л,Atmosphere brew Кислый Движ,1,OK
4105cbc9-c3c9-4c48-8560-a5ce08fb48a3,КЕГ Atmosphere brew Острая Томатная Дичь,Atmosphere brew Острая Томатная Дичь,1,OK
c69df3f2-6ff0-40dd-af16-590977b64475,КЕГ Black Cat Moscow Calling,Black Cat Moscow Calling,1,OK
afe7faf5-1f73-4cdd-9b9e-84230426ba00,КЕГ Black Cat Out of Passion 20 л,Black Cat Out of Passion,1,OK
9963ae82-d3b3-438e-aa1c-48e75935ef16,КЕГ Brewlok IPA 20 л,Brewlok IPA,1,OK
07d76d5f-38ff-4ff3-9453-b735fdd84fa2,КЕГ Brewlok Stout,Brewlok Stout,1,OK
8bf679bb-951b-4740-b1a4-ca83586098e6,КЕГ Brewlok Василиса 20 л,Brewlok Василиса,1,OK
92e5772b-9852-477f-9918-99d47dfd9e7c,КЕГ Brewlok Пилс 20 л,Brewlok Пилс,1,OK
b3fb64a2-ebf0-4109-83c1-9237b7cf0fdb,КЕГ Brewlok Трехлинейка,Brewlok Трехлинейка,1,OK
6d10d353-3c60-48f2-be29-75e85fd837d4,КЕГ PP Noggenfogger Elixir,PP Noggenfogger Elixir,1,OK
75c0f588-f491-40d3-8c3a-dfff071f8448,"КЕГ Rebel Apple ""Dickiy Crest"" 30л","Rebel Apple ""Dickiy Crest""",1,OK
e578aec3-1112-4f07-9a6a-b4fe51a88b1b,КЕГ Red Rocket ESB 30l,Red Rocket ESB,1,OK
78249708-449c-4e5d-a60c-ef33a6c811b4,КЕГ Rewort Крылья Доблести 20 л,Rewort Крылья Доблести,1,OK
754c8252-560a-478f-bd23-ebbe6bf7f575,КЕГ Saldens Double IPA 30 л,Saldens Double IPA,1,OK
79423fbd-3d67-4bbb-ad3c-32dbe4dd367c,КЕГ Selfmade Milk Star 20 л,Selfmade Milk Star,1,OK
5ac95312-07fd-49bc-82e9-4c4d5d7e0565,КЕГ Starlingtons Black Spot,Starlingtons Black Spot,1,OK
c71203ae-7853-4a0e-a6db-a77993042561,КЕГ Starlingtons Day in Paradise,Starlingtons Day in Paradise,1,OK
11913b24-187c-4d13-84f6-313ea274dcbd,КЕГ Starlingtons Moonlight 30 л,Starlingtons Moonlight,1,OK
c71bdc27-7da1-4fd7-bbd7-f4a2d659e53e,КЕГ Velka Morava Big Boy From Idaho,Velka Morava Big Boy From Idaho,1,OK
cb2acd64-22aa-47f6-91ac-863940fd6465,КЕГ Velka Morava Schrader 30 л,Velka Morava Schrader,1,OK
b4cf62a0-c58d-448f-87a0-dde3f97359b1,КЕГ Абанамат 30л ,Абанамат,1,OK
a6c86180-f96f-4ac5-a382-77c84ab35d32,КЕГ Айингер Октобер Фест-Марцен 30 л,Айингер Октобер Фест-Марцен,1,OK
432fc9e7-d190-41d9-96f7-94d0ea627b02,КЕГ Барбе Руби 30 л,Барбе Руби,1,OK
65315a0d-9581-4251-b6c9-4d22cdb0f1b3,"КЕГ Бланш де Намур, светлое",Бланш де Намур,1,OK
db7be4b8-e4ae-4995-9e72-9294ea1dcb3f,КЕГ Блек Шип,Блек Шип,1,OK
17321882-669d-423d-9707-f0354552b9ad,КЕГ Борнем Блонд 20 л,Борнем Блонд,1,OK
c6d0447c-d405-4a03-b21b-fabbb7d9f3fe,КЕГ Бульви Квинси 30л,Бульви Квинси,1,OK
abb66e2c-bb63-4aff-b244-10d77ae3f7fc,КЕГ Бульви Семи Драй л,Бульви Семи Драй,1,OK
87881f2c-556d-447f-a474-fff0bc38c2f0,КЕГ Бюльви Рустик полусухой 30 л,Бюльви Рустик полусухой,1,OK
569c44b8-9f74-40bf-ad18-08a1243761c3,КЕГ Василеостровское Крик де Лютин ,Крик де Лютин,1,OK
de03fb2b-29dd-4c9a-a9f6-9f9c62143979,КЕГ Василиса,Brewlok Василиса,1,OK
2fce9b39-1ee6-48f3-b3f5-202e76787f39,"КЕГ Гулден Драк 708, 20 л",Гулден Драк 708,1,OK
3bf25652-35f2-4456-b2f4-f312c5a0f2fa,КЕГ Делириум Ноктюрнум,Делириум Ноктюрнум,1,OK
db6044ba-e8d4-4e36-a518-31cb35b57493,"КЕГ Джоус Мюних Хеллес, светлое,  ",Джоус Мюних Хеллес,1,OK
a0f3ac8c-bfdd-442c-859b-a83e0365376f,КЕГ Карлова Корчма Премиум 30 л,"Карлова корчма, Карлова Корчма",2,OK
ed3a2fcd-8c1d-4eeb-b7bd-321aa13ae29f,КЕГ Коникс Бланш ма Шери 20 л,Коникс Бланш ма Шери,1,OK
239944b1-1290-447a-a12e-1ccd68bf54a3,КЕГ Коникс Мон Шер Кассис 20 л,Коникс Мон Шер Кассис,1,OK
e8159946-8141-4d99-96e6-e17479a5aa66,КЕГ Коникс Оверфолл ИПА 20 л,Коникс Оверфолл ИПА,1,OK
e35afa89-c4af-4dea-a312-6c0e8f2647c1,КЕГ Коникс Черри Руби 20 л,Коникс Черри Руби,1,OK
69639867-b0d8-4e74-bc6f-78ac3c22328f,"КЕГ ЛеФорт Трипель, 20л",ЛеФорт Трипель,1,OK
11bffe59-22cb-4e15-a165-6518a784e7f5,КЕГ Леруа Капиттель Блонд 30 л,Леруа Капиттель Блонд,1,OK
1fba8fa7-fb52-4fdb-8532-c1093eb4e0b2,КЕГ Литовел Мораван 30 л,Литовел Мораван,1,OK
4bd8bc11-0c2a-4ae0-9020-7d454b6a544a,КЕГ Локал Лагер (Рыжее) 30 л,Локал Лагер,1,OK
1507ef81-7f49-4874-9ea9-fd1837aca3cc,КЕГ Локал Лагер 30 л,Локал Лагер,1,OK
5e485d56-b30a-4660-ba06-5de1e14b18bb,КЕГ Монкс Кафе 20 л,Монкс Кафе,1,OK
a3f47429-22a7-483a-a707-00c8dba4351a,КЕГ Островица IPA 20 л,Островица IPA,1,OK
a32d8b4f-9d85-46d9-bdd8-385d173c0cbe,КЕГ ПП Джаст Хёфевайцен 20 л,Джаст Хёфевайцен,1,OK
252096ff-d05a-4932-a1a6-61d26c7734f2,КЕГ Палм 20 л,Палм,1,OK
93ad3dbf-ae1e-4e6f-ae7f-459e0cfe8f36,КЕГ Палм Роял 20 л,Палм,1,OK
3cd79006-ccde-4759-941a-7179053b3909,КЕГ План Б Ковбой Мальборо 20 л,План Б Ковбой Мальборо,1,OK
b31d77b4-8f53-46f2-896b-27b51946e167,КЕГ Рей Ривер STOUT,Рей Ривер Stout,1,OK
0573df01-cc01-46e5-81e7-44fe82d6495e,"КЕГ Ригеле Коммерциенрат Приват, светлое ",Ригеле Коммерциенрат,1,OK
c6b3ccae-7a0e-42b0-8812-dcea1c6de881,"КЕГ Ригеле Файнес Урхелль, светлое ",Ригеле Файнес Урхелль,1,OK
cacc62b5-a12f-4479-9d3a-70546615159b,КЕГ Роденбах Гранд Крю 20 л,Роденбах Гранд Крю,1,OK
95f607a0-e377-4f59-a1d8-41b3e6e4b633,КЕГ Родное яблочко п/сух ,Родное яблочко п/сух,1,OK
752c29cf-8032-4ce8-ad97-e348033cb90d,КЕГ Салливанс Айриш Голд Эль,Салливанс Айриш Голд,1,OK
cca6a13c-e37e-4c39-8a37-8aeca590e9af,КЕГ Стинбрюгге Бланш 20 л,Стинбрюгге Бланш,1,OK
187da644-32ed-4da6-9a03-ba8b7ed57988,КЕГ ФестХаус Вайцен,ФестХаус Вайцен,1,OK
39909673-66c6-44fa-bd0c-1edb18bf264c,КЕГ ФестХаус Октобер,ФестХаус Октобер,1,OK
ba7ede81-1cf1-4155-a756-e100d51df438,КЕГ ФестХаус Хеллес,ФестХаус Хеллес,1,OK
c2d3cc03-0c68-4ac2-8839-d32ce110509d,КЕГ Фёст Локал Лагер   ,Локал Лагер,1,OK
f48cf6e2-63dd-44d5-aa37-7dc45092e731,"КЕГ ХБ Октоберфест, светлое ",ХБ Октоберфест,1,OK
a89a9d72-0f7f-4005-8e77-a34061465619,КЕГ  Традиционный мид СиВ 20 л,[НЕТ СОВПАДЕНИЙ],0,НЕТ ПРИВЯЗКИ
ea79f7fe-569b-4fd8-9e99-e6bf430405ee,КЕГ 4Brewers Реверс Гозе,[НЕТ СОВПАДЕНИЙ],0,НЕТ ПРИВЯЗКИ
26126612-b9f7-479a-a2b1-e791b3f95782,КЕГ 4brewers Eher Passion Fruit  30 л,[НЕТ СОВПАДЕНИЙ],0,НЕТ ПРИВЯЗКИ
ee1c6eb8-6494-488e-ba7c-de2e1e6b5375,КЕГ Atmosphere brew Томатная Дичь 20 л,[НЕТ СОВПАДЕНИЙ],0,НЕТ ПРИВЯЗКИ
a31f9a71-da2c-4597-b87e-5f2428aeba3b,КЕГ Brewlok 40 Скелетов 20 л,[НЕТ СОВПАДЕНИЙ],0,НЕТ ПРИВЯЗКИ
64b4c93c-b2c0-4640-ac11-2dcaa3797855,КЕГ Brewlok APA 20 л,[НЕТ СОВПАДЕНИЙ],0,НЕТ ПРИВЯЗКИ
334dbff2-a57b-482f-a218-c9d67a688f99,КЕГ Brewlok DOS 20 л,[НЕТ СОВПАДЕНИЙ],0,НЕТ ПРИВЯЗКИ
e3ad9f12-4cc8-49c3-a68e-3d9f01921dc4,КЕГ Brewlok Баба Яга 20 л,[НЕТ СОВПАДЕНИЙ],0,НЕТ ПРИВЯЗКИ
47084a9c-d2c9-47e5-b863-0bb640e92d31,КЕГ Brewlok Леший 20 л,[НЕТ СОВПАДЕНИЙ],0,НЕТ ПРИВЯЗКИ
c87a4c57-f13f-4121-8312-0a56c5fc4602,КЕГ Brewlok Садко 20 л,[НЕТ СОВПАДЕНИЙ],0,НЕТ ПРИВЯЗКИ
a64f0253-7d62-493d-8428-43387c8e6350,КЕГ Brewlok Хармс 20 л,[НЕТ СОВПАДЕНИЙ],0,НЕТ ПРИВЯЗКИ
24d867ac-4bee-4cfd-a698-2fffbc1bc6fe,КЕГ DaDa сидр #1 сухой 30л,[НЕТ СОВПАДЕНИЙ],0,НЕТ ПРИВЯЗКИ
1984a4e2-b86b-4e35-8795-3b1a61ada151,КЕГ DaDa сидр #2 полусухой 30л,[НЕТ СОВПАДЕНИЙ],0,НЕТ ПРИВЯЗКИ
4e4ba7d9-df3b-4561-b481-864317e90c54,КЕГ Gas brew Saltmelier: Naryan-Mar,[НЕТ СОВПАДЕНИЙ],0,НЕТ ПРИВЯЗКИ
fb5500da-82c3-4562-9c6e-adbd027b2a31,КЕГ Gletchers Milk of Amnesia 20 л,[НЕТ СОВПАДЕНИЙ],0,НЕТ ПРИВЯЗКИ
a0cb85d4-a9b8-4743-a659-0c992bf6088a,КЕГ Gravity Project Blueberry Jam30 л,[НЕТ СОВПАДЕНИЙ],0,НЕТ ПРИВЯЗКИ
87856c08-62e8-4b5a-8d1e-80425b0153dd,КЕГ Gusi Clear Sky 20л,[НЕТ СОВПАДЕНИЙ],0,НЕТ ПРИВЯЗКИ
288b6f75-677f-4b69-b394-cf847b7d954f,КЕГ Mahatma G. NEIPA,[НЕТ СОВПАДЕНИЙ],0,НЕТ ПРИВЯЗКИ
9a38d726-7c10-4a67-83c6-341aef5fa7b0,КЕГ O`Hara`s IPA,[НЕТ СОВПАДЕНИЙ],0,НЕТ ПРИВЯЗКИ
af0cf605-f0c8-4d81-9331-ddd74cae3afd,КЕГ O`Hara`s Irish Red Nitro,[НЕТ СОВПАДЕНИЙ],0,НЕТ ПРИВЯЗКИ
86e21bef-8d54-4c7c-ab9d-513f228d4e34,КЕГ O`Hara`s Irish Stout,[НЕТ СОВПАДЕНИЙ],0,НЕТ ПРИВЯЗКИ
63c4a192-8296-4185-ad78-d685a89ba4ba,КЕГ O`Hara`s Pale Ale,[НЕТ СОВПАДЕНИЙ],0,НЕТ ПРИВЯЗКИ
e82fa57e-e13d-4528-a2ab-f4ed5902f793,КЕГ Odna Tonna Hyperpink 30л,[НЕТ СОВПАДЕНИЙ],0,НЕТ ПРИВЯЗКИ
b2409338-62d4-4cbe-9a12-e6025bc25fbb,КЕГ Old Speckled Hen 30 л,[НЕТ СОВПАДЕНИЙ],0,НЕТ ПРИВЯЗКИ
283ae4d5-616c-4830-86b1-0b9cece9e43e,КЕГ PP Sunlight Geliodor,[НЕТ СОВПАДЕНИЙ],0,НЕТ ПРИВЯЗКИ
bfa2d047-e0a1-414b-98ed-7121ebf3571d,КЕГ Paradox IPA,[НЕТ СОВПАДЕНИЙ],0,НЕТ ПРИВЯЗКИ
3432b5b2-5291-4f86-a2b3-9eab0bf25872,КЕГ Pilgerstoff Maria Ehrenberger 30 л,[НЕТ СОВПАДЕНИЙ],0,НЕТ ПРИВЯЗКИ
b43dd861-83e7-4580-bdc2-6e1a0dd1e860,КЕГ Rage Aganist the Pepin,[НЕТ СОВПАДЕНИЙ],0,НЕТ ПРИВЯЗКИ
0aba5343-0495-490e-a1d8-69ddb4f03c4b,КЕГ Rebel Apple Дикий Крест ,[НЕТ СОВПАДЕНИЙ],0,НЕТ ПРИВЯЗКИ
a9c8388d-2262-4458-99a4-2d56759bb958,КЕГ Rewort  Nutty Nut 20 л,[НЕТ СОВПАДЕНИЙ],0,НЕТ ПРИВЯЗКИ
91f7113e-8298-467e-ac17-9e023726108a,КЕГ St.Anton смородина 30л,[НЕТ СОВПАДЕНИЙ],0,НЕТ ПРИВЯЗКИ
e10a45ed-4dc7-473d-a5bd-bf762f9fe813,КЕГ Starlingtons Knock to Heaven 30 л,[НЕТ СОВПАДЕНИЙ],0,НЕТ ПРИВЯЗКИ
6d1eb5bd-634b-47ab-9d2c-bfa61c9e7a3b,КЕГ True Hops IPA20 л,[НЕТ СОВПАДЕНИЙ],0,НЕТ ПРИВЯЗКИ
2031904a-7e7f-4fd4-ac4d-8127b044983d,КЕГ Velka Morava Big Boy Amarillo 20 л,[НЕТ СОВПАДЕНИЙ],0,НЕТ ПРИВЯЗКИ
228811c9-bca9-43f1-b4ce-a4fd250d42f8,КЕГ VelkaMorava Morgana 20л,[НЕТ СОВПАДЕНИЙ],0,НЕТ ПРИВЯЗКИ
d7e9d2ae-0425-4782-b900-5efc57ec8f3e,КЕГ Weissmuller 30 л,[НЕТ СОВПАДЕНИЙ],0,НЕТ ПРИВЯЗКИ
f5405fb2-b1bc-4801-87df-56861d4fb3ff,"КЕГ Weissmuller Original Helles, 30 л",[НЕТ СОВПАДЕНИЙ],0,НЕТ ПРИВЯЗКИ
429f0f76-5134-4230-97f2-4a304199c0a0,КЕГ Wookey Hole Рэд Эль 30 л,[НЕТ СОВПАДЕНИЙ],0,НЕТ ПРИВЯЗКИ
4ab9ce8a-1f26-4803-8717-11f3ded8b49d,КЕГ XP Brew  Тетрахимена 20 л,[НЕТ СОВПАДЕНИЙ],0,НЕТ ПРИВЯЗКИ
faaf9e13-3be9-4832-92aa-e7c11fe914db,КЕГ АФ БРЮ Рэднек 30 л,[НЕТ СОВПАДЕНИЙ],0,НЕТ ПРИВЯЗКИ
2326122f-c06f-4841-a37a-1aed23261989,"КЕГ Августинер Хефевайсбир, светлое",[НЕТ СОВПАДЕНИЙ],0,НЕТ ПРИВЯЗКИ
8ef83dff-6fa0-45b3-8db0-a36063deee73,КЕГ Авербод 30 л,[НЕТ СОВПАДЕНИЙ],0,НЕТ ПРИВЯЗКИ
9495c1cc-ac8d-4318-9910-8526deee6904,КЕГ Айингер Браувайс 30 л,[НЕТ СОВПАДЕНИЙ],0,НЕТ ПРИВЯЗКИ
d08c5539-fd7e-4e68-b66c-215c21fcb513,КЕГ Айингер Весеннее 30 л,[НЕТ СОВПАДЕНИЙ],0,НЕТ ПРИВЯЗКИ
bb98fde4-18e1-43e9-ba73-f63a1b1f8ab4,КЕГ Айингер Лагер Хель 30 л,[НЕТ СОВПАДЕНИЙ],0,НЕТ ПРИВЯЗКИ
36fbbf58-16b1-481f-b446-2f456c777b34,КЕГ Айингер Столетнее 30 л,[НЕТ СОВПАДЕНИЙ],0,НЕТ ПРИВЯЗКИ
33afe1dc-71b7-4d3a-9195-ecb05f28cdb8,КЕГ Айингер Целебратор 30 л,[НЕТ СОВПАДЕНИЙ],0,НЕТ ПРИВЯЗКИ
4eabe7ba-b2a4-4cf3-907c-b4ff345043f9,КЕГ Айнзидлер Вайсбир 30 л,[НЕТ СОВПАДЕНИЙ],0,НЕТ ПРИВЯЗКИ
f8fff89d-342f-4306-b3ff-f8a388a985d9,КЕГ Айнзидлер Клауснер Пилс 30 л,[НЕТ СОВПАДЕНИЙ],0,НЕТ ПРИВЯЗКИ
d74bdb44-6767-4aac-a0d0-379eece39173,КЕГ Андерсон Валли Хоп Оттин ИПА 30 л,[НЕТ СОВПАДЕНИЙ],0,НЕТ ПРИВЯЗКИ
cbb8563c-db05-49ad-a242-3d97a35151ed,КЕГ Асахи Супер Драй 30 л,[НЕТ СОВПАДЕНИЙ],0,НЕТ ПРИВЯЗКИ
fcd40a8c-ca19-4631-ba16-f364ce6af725,КЕГ Байройтер хель 30 л,[НЕТ СОВПАДЕНИЙ],0,НЕТ ПРИВЯЗКИ
8462a300-4571-4005-bcf9-d271d21baee4,КЕГ Бакунин Молоко+ 20 л,[НЕТ СОВПАДЕНИЙ],0,НЕТ ПРИВЯЗКИ
271eeb5b-b47e-437c-9f3b-9a7bdcdb7df0,КЕГ Бакунин Нуар 20 л,[НЕТ СОВПАДЕНИЙ],0,НЕТ ПРИВЯЗКИ
dd34426f-b3e2-47ff-9443-0b6099016369,КЕГ Бакунин Первый Авиатор 20 л,[НЕТ СОВПАДЕНИЙ],0,НЕТ ПРИВЯЗКИ
4eac8888-f2d7-46bf-862a-2556be98c267,КЕГ Бакунин Пич Ап 20 л,[НЕТ СОВПАДЕНИЙ],0,НЕТ ПРИВЯЗКИ
d02162e3-8e33-4b24-bac5-68e7a134be4f,КЕГ Бакунин Рубин 20 л,[НЕТ СОВПАДЕНИЙ],0,НЕТ ПРИВЯЗКИ
97bbc70a-d39a-4622-81a5-3a602d0d8ce9,КЕГ Бакунин Рука Бога 20 л,[НЕТ СОВПАДЕНИЙ],0,НЕТ ПРИВЯЗКИ
03ffebf3-d400-43e4-8d5a-f78069feec6b,КЕГ Бакунин Фибоначчи 20 л,[НЕТ СОВПАДЕНИЙ],0,НЕТ ПРИВЯЗКИ
92611267-187c-40ab-89e3-fa06e52b1781,КЕГ Балтика Брю Блонд 30 л,[НЕТ СОВПАДЕНИЙ],0,НЕТ ПРИВЯЗКИ
550c99ca-b825-4f71-b7ad-fbbbb6f46338,КЕГ Балтика Брю Брюн 30 л,[НЕТ СОВПАДЕНИЙ],0,НЕТ ПРИВЯЗКИ
c532a16d-4e61-4526-bfe6-11a6e5476ec3,"КЕГ Баптист Вит, светлое",[НЕТ СОВПАДЕНИЙ],0,НЕТ ПРИВЯЗКИ
8b1b2c87-d943-4320-89c7-2bedda7f884a,КЕГ Бахус Флемиш Олд Браун,[НЕТ СОВПАДЕНИЙ],0,НЕТ ПРИВЯЗКИ
a5e06eaf-8c08-49bb-801c-99620cc2d85d,КЕГ Бахус Фрамбуа,[НЕТ СОВПАДЕНИЙ],0,НЕТ ПРИВЯЗКИ
1069cccc-0004-4b39-898a-768f64fdb4d8,КЕГ Белхевен Скоттиш Стаут 30л,[НЕТ СОВПАДЕНИЙ],0,НЕТ ПРИВЯЗКИ
b04c96ff-37eb-4d9e-a881-29258af71358,КЕГ Бельвью Крик 20 л,[НЕТ СОВПАДЕНИЙ],0,НЕТ ПРИВЯЗКИ
b9a3b1d2-1a6d-418a-a8ae-0cd2419f89f7,КЕГ Бишофф Пилснер 30 л,[НЕТ СОВПАДЕНИЙ],0,НЕТ ПРИВЯЗКИ
1a06b3a0-c6c0-447e-b0ac-c20aa8556a2e,"КЕГ Бланш де неж, светлое",[НЕТ СОВПАДЕНИЙ],0,НЕТ ПРИВЯЗКИ
123f336d-bb7c-40be-ad53-b7e54d7fb029,КЕГ Борнем Дюбель 20 л,[НЕТ СОВПАДЕНИЙ],0,НЕТ ПРИВЯЗКИ
47587ad9-42fe-41e6-83bb-fa3184fc530d,КЕГ Бруклин ИПА 30 л,[НЕТ СОВПАДЕНИЙ],0,НЕТ ПРИВЯЗКИ
be3de276-285c-49c4-adec-3506810a3b45,КЕГ Бруклин Лагер 30 л,[НЕТ СОВПАДЕНИЙ],0,НЕТ ПРИВЯЗКИ
c45da670-8dcb-405e-8b5c-5c5fa24ed8df,КЕГ Брю Дивижн Ай Рай,[НЕТ СОВПАДЕНИЙ],0,НЕТ ПРИВЯЗКИ
4c05da5a-2764-401e-8562-ebdca23b64f3,КЕГ Брю Дивижн Айс Крим,[НЕТ СОВПАДЕНИЙ],0,НЕТ ПРИВЯЗКИ
d188432b-523f-4130-866f-5d8148660c9c,КЕГ Брю Дивижн Астролагер Премиум Пилс,[НЕТ СОВПАДЕНИЙ],0,НЕТ ПРИВЯЗКИ
0171cee6-f973-4178-b38f-149814c42409,КЕГ Брю Дивижн Вайсглюк Унзере Хефевайцен,[НЕТ СОВПАДЕНИЙ],0,НЕТ ПРИВЯЗКИ
54fc6b51-2b32-4aa6-bb5a-d82dd8635cfd,КЕГ Брю Дивижн Докер Олд Рашн Портер,[НЕТ СОВПАДЕНИЙ],0,НЕТ ПРИВЯЗКИ
5a734c8f-b71c-426d-8a30-dfebbdeeb945,КЕГ Брю Дивижн Майнд Эвер Вин,[НЕТ СОВПАДЕНИЙ],0,НЕТ ПРИВЯЗКИ
065a43df-227c-40d3-b2c3-15442553958a,КЕГ Брю Дивижн Он Бейс 30 л,[НЕТ СОВПАДЕНИЙ],0,НЕТ ПРИВЯЗКИ
16742e0b-a85b-4f5e-aa3f-3bc760aab97f,КЕГ Брю Дог Зомби Кейк 20 л,[НЕТ СОВПАДЕНИЙ],0,НЕТ ПРИВЯЗКИ
cebbd50a-0c25-4c2a-bc76-83cdd710ed50,КЕГ Брю Дог Инди 30 л,[НЕТ СОВПАДЕНИЙ],0,НЕТ ПРИВЯЗКИ
b1ddb612-5f1f-40fa-8dc9-44d06bcbd20f,КЕГ Брю Фикшн Вайлд Томато Гозе 30 л,[НЕТ СОВПАДЕНИЙ],0,НЕТ ПРИВЯЗКИ
39fac486-b100-4e0e-a83e-d1516aa9a70d,"КЕГ Будвайзер, темное, бочка 20л",[НЕТ СОВПАДЕНИЙ],0,НЕТ ПРИВЯЗКИ
59721795-4aa0-4196-b093-cbbd7431d383,КЕГ Бульви Ар эн Берри 30л,[НЕТ СОВПАДЕНИЙ],0,НЕТ ПРИВЯЗКИ
bb11c3c9-ece9-45cd-b3ad-79f4afce221f,КЕГ Бульви Брексит 30л,[НЕТ СОВПАДЕНИЙ],0,НЕТ ПРИВЯЗКИ
a9713582-1360-4eeb-af64-bddea07e7980,КЕГ Бульви Грей Ми 30л,[НЕТ СОВПАДЕНИЙ],0,НЕТ ПРИВЯЗКИ
a819621f-969d-4796-8a51-4e8e9676f410,КЕГ Бульви Розе 30л,[НЕТ СОВПАДЕНИЙ],0,НЕТ ПРИВЯЗКИ
c7bdabe4-b5fc-4224-8e3a-7fb06cc3265b,КЕГ Бун Крик Ламбик 30 л,[НЕТ СОВПАДЕНИЙ],0,НЕТ ПРИВЯЗКИ
cf630bcb-207b-4c5c-9c6c-854e805c4adc,КЕГ Бюльви Вивизеро 30л.,[НЕТ СОВПАДЕНИЙ],0,НЕТ ПРИВЯЗКИ
13c291bb-b5ed-4b8a-823b-597c3403efbb,КЕГ Бюльви Рустик полусладкий 30 л,[НЕТ СОВПАДЕНИЙ],0,НЕТ ПРИВЯЗКИ
37ed4138-b7d4-41a2-bf1b-1b91535c6712,"КЕГ ВО Val de Rance, Brut 30 л",[НЕТ СОВПАДЕНИЙ],0,НЕТ ПРИВЯЗКИ
aabf4cd0-a111-4714-a115-b9f10e61fc2b,КЕГ Вайнштефан Витус 30 л,[НЕТ СОВПАДЕНИЙ],0,НЕТ ПРИВЯЗКИ
a815a72c-ac83-4c0c-95d6-f242f60170d2,КЕГ Вайнштефан Оригинал 30 л,[НЕТ СОВПАДЕНИЙ],0,НЕТ ПРИВЯЗКИ
eebc6e94-a446-4b66-afb5-ce14bc69778b,КЕГ Вайнштефан Пилснер 30 л,[НЕТ СОВПАДЕНИЙ],0,НЕТ ПРИВЯЗКИ
9a518308-05ca-4ddc-8945-b7c278a4d282,КЕГ Вайнштефан Хефевайс 30 л,[НЕТ СОВПАДЕНИЙ],0,НЕТ ПРИВЯЗКИ
240714b6-c1c8-4da6-a999-86b0b5522905,КЕГ Вайценфельд Вайсс 20 л,[НЕТ СОВПАДЕНИЙ],0,НЕТ ПРИВЯЗКИ
9d759a10-1992-4e04-9e7c-95bbd370e156,КЕГ Варка Лагер 30л.,[НЕТ СОВПАДЕНИЙ],0,НЕТ ПРИВЯЗКИ
684d8c59-c339-45e5-b608-26b984ab7dd6,КЕГ Варка Пшено 30л.,[НЕТ СОВПАДЕНИЙ],0,НЕТ ПРИВЯЗКИ
586bb7e6-0a29-4d51-b3db-6bf1822da34f,КЕГ Василеостровское Бланш де Лютин ,[НЕТ СОВПАДЕНИЙ],0,НЕТ ПРИВЯЗКИ
b939a8b3-cfec-4946-accb-19f93ccbe598,КЕГ Василеостровское Лагер светлое  ,[НЕТ СОВПАДЕНИЙ],0,НЕТ ПРИВЯЗКИ
26f44469-dbd4-48f7-aa50-6c15b098c9b1,КЕГ Василеостровское Пшеничное  ,[НЕТ СОВПАДЕНИЙ],0,НЕТ ПРИВЯЗКИ
ec5f75ef-4685-4e2f-9d4a-19a586279776,КЕГ Василеостровское Руж Де Лютин,[НЕТ СОВПАДЕНИЙ],0,НЕТ ПРИВЯЗКИ
c4b698bd-8e1c-4eb2-92ee-72b6120541be,КЕГ Василеостровское Сидр Брют,[НЕТ СОВПАДЕНИЙ],0,НЕТ ПРИВЯЗКИ
5b8320de-8990-40f4-9eed-de92f356ecdc,КЕГ Василеостровское хеллес,[НЕТ СОВПАДЕНИЙ],0,НЕТ ПРИВЯЗКИ
a0e7e7f4-7974-4ca3-985a-4ec70ab5a321,КЕГ Васька Нефильтрованное 30 л,[НЕТ СОВПАДЕНИЙ],0,НЕТ ПРИВЯЗКИ
a1528c03-339b-46cf-845a-695a5501fac1,КЕГ Васька Светлое 30 л,[НЕТ СОВПАДЕНИЙ],0,НЕТ ПРИВЯЗКИ
7c837507-54e9-4053-9d1c-82e54b166fa1,КЕГ Вату  Витбир 30л,[НЕТ СОВПАДЕНИЙ],0,НЕТ ПРИВЯЗКИ
8c14984f-d502-4b50-9bd9-60ad768d40c0,КЕГ Виктори Арт Брю Селебрэйшн Стаут,[НЕТ СОВПАДЕНИЙ],0,НЕТ ПРИВЯЗКИ
b10571c4-110f-41a6-b18e-e2672e7011ce,КЕГ Виль-брой Хеллес 30 л,[НЕТ СОВПАДЕНИЙ],0,НЕТ ПРИВЯЗКИ
a1f3d149-227f-443f-a21b-940e5f11fe6e,КЕГ Виль-брой Хефе Вайцен 30 л,[НЕТ СОВПАДЕНИЙ],0,НЕТ ПРИВЯЗКИ
dcbc551c-9c45-4dd0-8cd7-9b68a9e1c109,КЕГ Вильдерен Кларисс Руж 20 л,[НЕТ СОВПАДЕНИЙ],0,НЕТ ПРИВЯЗКИ
c4dfae69-40ef-4f48-847e-c6f7c58100bc,"КЕГ Вильдерен Крик, вишневый ",[НЕТ СОВПАДЕНИЙ],0,НЕТ ПРИВЯЗКИ
bc1128c1-73a6-477b-8e31-536b554ac879,КЕГ Винингер Экспорт Гуидобалд30 л,[НЕТ СОВПАДЕНИЙ],0,НЕТ ПРИВЯЗКИ
251c5a33-2b56-4795-a509-54621a2b5cf7,КЕГ Вита Сид Том 2 30л,[НЕТ СОВПАДЕНИЙ],0,НЕТ ПРИВЯЗКИ
0aa6ddb0-350e-4a56-a12a-af128dbff2ce,КЕГ Вольфас Энгельман Балтик Портер 30 л,[НЕТ СОВПАДЕНИЙ],0,НЕТ ПРИВЯЗКИ
d8e69413-db18-4e28-8df0-4b3222c35062,КЕГ Вудбридж Браун Эль 30 л,[НЕТ СОВПАДЕНИЙ],0,НЕТ ПРИВЯЗКИ
b794e0e3-aefa-4aee-b3c4-5bffe233e428,КЕГ Вудбридж ИПА 30 л,[НЕТ СОВПАДЕНИЙ],0,НЕТ ПРИВЯЗКИ
8541d7fe-64a7-4fa6-9676-ae9f36728401,КЕГ Вудбридж Стаут 30 л,[НЕТ СОВПАДЕНИЙ],0,НЕТ ПРИВЯЗКИ
3ffceb73-39a7-48dd-a571-beac79aa5341,КЕГ Гаффель Кельш 30 л,[НЕТ СОВПАДЕНИЙ],0,НЕТ ПРИВЯЗКИ
e5f8bcb0-a284-46b5-aa3d-79108b11e4c2,КЕГ Гильотина,[НЕТ СОВПАДЕНИЙ],0,НЕТ ПРИВЯЗКИ
650b3284-23b3-43a2-a5d9-372cb54e346e,КЕГ Гиннесс 30 л,[НЕТ СОВПАДЕНИЙ],0,НЕТ ПРИВЯЗКИ
381edd76-5aca-45ad-8422-0e68b176a25e,КЕГ Горьковская пивоварня Богемский Пилс 30 л,[НЕТ СОВПАДЕНИЙ],0,НЕТ ПРИВЯЗКИ
3edfb314-4da9-4e5b-8dc1-db85d5535b3b,КЕГ Горьковская пивоварня ИПА 30 л,[НЕТ СОВПАДЕНИЙ],0,НЕТ ПРИВЯЗКИ
35431d84-d4cb-4ccd-8005-bb3319e22212,КЕГ Гуд Сайдер Сан-Себастьян. Брют,[НЕТ СОВПАДЕНИЙ],0,НЕТ ПРИВЯЗКИ
473494ae-ff01-4324-a7d7-bac3d5136cd9,КЕГ Делириум Кристмас,[НЕТ СОВПАДЕНИЙ],0,НЕТ ПРИВЯЗКИ
a30b23e3-eaf9-45ae-be4c-322623cd7ac7,КЕГ Делириум Рэд,[НЕТ СОВПАДЕНИЙ],0,НЕТ ПРИВЯЗКИ
ef1970c9-36e6-4eba-b350-a8bea9d1195c,КЕГ Делириум Тременс,[НЕТ СОВПАДЕНИЙ],0,НЕТ ПРИВЯЗКИ
6bd80b0f-ad21-460e-9d22-ad9931dfc611,"КЕГ Джоус Американский Пэйл Эль, светлое,  ",[НЕТ СОВПАДЕНИЙ],0,НЕТ ПРИВЯЗКИ
5c79a3c4-c4b7-470b-b312-dbfdaefd1acd,КЕГ Джоус Атомная Прачечная,[НЕТ СОВПАДЕНИЙ],0,НЕТ ПРИВЯЗКИ
bc18dac8-2f2d-4b3b-9b20-40b8e2a93974,"КЕГ Джоус Бланш, светлое,  ",[НЕТ СОВПАДЕНИЙ],0,НЕТ ПРИВЯЗКИ
b3bcfa4d-1a2b-4d33-ac57-b65dbea5cc71,"КЕГ Джоус Вайцен, светлое,  ",[НЕТ СОВПАДЕНИЙ],0,НЕТ ПРИВЯЗКИ
a0b3c1f1-18e2-4650-807a-e5f49ecd0c2d,"КЕГ Джоус Грезы, светлое,  ",[НЕТ СОВПАДЕНИЙ],0,НЕТ ПРИВЯЗКИ
cac19fed-af51-4f9d-a1a9-e66eaa593442,"КЕГ Джоус Джаз энд Джус, 20 л",[НЕТ СОВПАДЕНИЙ],0,НЕТ ПРИВЯЗКИ
a410afcf-3943-4297-bb46-29cc94213170,КЕГ Джоус Ищу Человека,[НЕТ СОВПАДЕНИЙ],0,НЕТ ПРИВЯЗКИ
622e939f-0418-4628-afc8-c5afabd9acb6,"КЕГ Джоус Лагер, светлое,  ",[НЕТ СОВПАДЕНИЙ],0,НЕТ ПРИВЯЗКИ
18b32457-59b5-45b1-9a2a-2293e8add66e,"КЕГ Джоус Лайт Черри, 20л",[НЕТ СОВПАДЕНИЙ],0,НЕТ ПРИВЯЗКИ
ee154d7c-f12d-4072-be4e-9f90c715cae6,КЕГ Джоус Лост Пампкин,[НЕТ СОВПАДЕНИЙ],0,НЕТ ПРИВЯЗКИ
22afbedd-e4f3-4f79-b410-9cf678c5379e,"КЕГ Джоус Марцен, светлое,  ",[НЕТ СОВПАДЕНИЙ],0,НЕТ ПРИВЯЗКИ
180b4e4b-a727-4849-b949-b2ffa5799e51,КЕГ Джоус Нитро Стаут,[НЕТ СОВПАДЕНИЙ],0,НЕТ ПРИВЯЗКИ
5bc0f104-d9d0-4df0-ba75-6cc145d07eb4,"КЕГ Джоус Овсяный Стаут, темное",[НЕТ СОВПАДЕНИЙ],0,НЕТ ПРИВЯЗКИ
ec187d06-a315-4c0e-95d7-f94b742508d9,"КЕГ Джоус Пилснер, светлое,  ",[НЕТ СОВПАДЕНИЙ],0,НЕТ ПРИВЯЗКИ
5c474f90-c313-4637-b17f-3c908fa2754a,КЕГ Джоус Рэд Видоу,[НЕТ СОВПАДЕНИЙ],0,НЕТ ПРИВЯЗКИ
5ff3f3f0-28f1-4fad-9e62-6e4763b2958e,КЕГ Джоус Саур Бриз,[НЕТ СОВПАДЕНИЙ],0,НЕТ ПРИВЯЗКИ
9d6fd0bb-ab3c-46f3-b9ff-32f739adfeb7,"КЕГ Джоус Цитрайзен, светлое,  ",[НЕТ СОВПАДЕНИЙ],0,НЕТ ПРИВЯЗКИ
aad188fb-872e-49b9-8b50-2133383f9f91,КЕГ Дрим Тим Вайт Найтс 30 л,[НЕТ СОВПАДЕНИЙ],0,НЕТ ПРИВЯЗКИ
4b4bea00-86e5-4582-8a8a-e3773f9b3390,КЕГ Дрим Тим Локдаун 30 л,[НЕТ СОВПАДЕНИЙ],0,НЕТ ПРИВЯЗКИ
d751fa20-320a-404a-9e47-1e5682d85ab5,КЕГ Дрим Тим Октобер 30 л,[НЕТ СОВПАДЕНИЙ],0,НЕТ ПРИВЯЗКИ
0251f413-438e-45df-80f1-c1cfa5621fba,КЕГ Дрим Тим Персиковый Блонд (Пич Б) 20 л,[НЕТ СОВПАДЕНИЙ],0,НЕТ ПРИВЯЗКИ
e065ec6b-e65c-44d7-abba-9f382335ae62,КЕГ Дрим Тим Порт Пилснер 30 л,[НЕТ СОВПАДЕНИЙ],0,НЕТ ПРИВЯЗКИ
7f4c205d-1eed-4cfa-867b-d6961fb9ad38,КЕГ Дрим Тим Флэгшип 30 л,[НЕТ СОВПАДЕНИЙ],0,НЕТ ПРИВЯЗКИ
b5686aab-a4c2-442c-a366-d88c7e184f1c,КЕГ Дрим тим Штакеншнейдер 30 л,[НЕТ СОВПАДЕНИЙ],0,НЕТ ПРИВЯЗКИ
c679f17f-3733-41a3-874a-d1e1ae503443,КЕГ Дюпон Бирра де Мьель 20 л,[НЕТ СОВПАДЕНИЙ],0,НЕТ ПРИВЯЗКИ
b39b5694-41fb-4385-aca1-a5a32ae55bb8,КЕГ Дюпон Монкс Стаут 20 л,[НЕТ СОВПАДЕНИЙ],0,НЕТ ПРИВЯЗКИ
6239f8f5-60d4-4b26-81a4-f99bf726b3a0,КЕГ Дюшес Де Бургунь 30 л,[НЕТ СОВПАДЕНИЙ],0,НЕТ ПРИВЯЗКИ
d9eb2c76-3b8e-4f57-8205-7351d95f7cda,КЕГ Зубр 30 л,[НЕТ СОВПАДЕНИЙ],0,НЕТ ПРИВЯЗКИ
1b1e19a1-9039-48df-bfda-8bcc75c3a94d,КЕГ Инсайдер сухой,[НЕТ СОВПАДЕНИЙ],0,НЕТ ПРИВЯЗКИ
3ad3be0b-b2a3-4481-b93a-0550ce19b217,КЕГ Кастил Руж,[НЕТ СОВПАДЕНИЙ],0,НЕТ ПРИВЯЗКИ
09f3678c-a23b-44f0-88d4-19b5d7fe1fa2,КЕГ Квак (кега),[НЕТ СОВПАДЕНИЙ],0,НЕТ ПРИВЯЗКИ
fc774012-c0a0-47ef-b9d3-95b6f08c8491,КЕГ Квас Василеостровский 30 л,[НЕТ СОВПАДЕНИЙ],0,НЕТ ПРИВЯЗКИ
c0c4d684-56e6-4ae0-96be-57b121c233db,КЕГ Керел Пинк Империал,[НЕТ СОВПАДЕНИЙ],0,НЕТ ПРИВЯЗКИ
fc74d837-8d6e-474d-9a57-99ac1d12970b,КЕГ Клаштер Лежак 30 л,[НЕТ СОВПАДЕНИЙ],0,НЕТ ПРИВЯЗКИ
42be908f-2fa1-4539-aef6-878ddf5cf7d0,КЕГ Кобленцер Вайс 30 л. ,[НЕТ СОВПАДЕНИЙ],0,НЕТ ПРИВЯЗКИ
97c9db22-52fa-4c25-87da-6eeb3589f964,КЕГ Кобленцер Пилс 30 л. ,[НЕТ СОВПАДЕНИЙ],0,НЕТ ПРИВЯЗКИ
bcd07e7f-d7b1-4e73-9dec-f905d85b9f26,"КЕГ Кона Биг Вейв Голден Эль,   ",[НЕТ СОВПАДЕНИЙ],0,НЕТ ПРИВЯЗКИ
c3346a6a-9880-447e-8385-4f591e01895b,КЕГ Кона Лонгборд,[НЕТ СОВПАДЕНИЙ],0,НЕТ ПРИВЯЗКИ
d8cab645-d6eb-43d5-a94c-d74b17363fc9,"КЕГ Кона Ханалей,   ",[НЕТ СОВПАДЕНИЙ],0,НЕТ ПРИВЯЗКИ
b875b672-5dc0-4bc8-bceb-c7ad40e3247b,КЕГ Коникс Бельгийский Дюббель 20 л,[НЕТ СОВПАДЕНИЙ],0,НЕТ ПРИВЯЗКИ
0b00a95c-44b7-4c94-98c6-60d3831e6f11,КЕГ Коникс Кассис Руби 20 л,[НЕТ СОВПАДЕНИЙ],0,НЕТ ПРИВЯЗКИ
d5bd03a4-1fb5-4ccf-9e6e-a4b24d6a633e,КЕГ Коникс Мюнхен Хеллес 30 л,[НЕТ СОВПАДЕНИЙ],0,НЕТ ПРИВЯЗКИ
e65838b3-f833-43af-a234-162c2f67281d,КЕГ Коникс Не хлебом единым 20 л,[НЕТ СОВПАДЕНИЙ],0,НЕТ ПРИВЯЗКИ
12088303-7579-4d6c-bfb9-d892f08d8c4d,КЕГ Коникс Хефевайсбир 20л,[НЕТ СОВПАДЕНИЙ],0,НЕТ ПРИВЯЗКИ
1527bd2a-69da-4de3-a143-0a73e88144dd,КЕГ Коникс Чешский Пилс 30 л,[НЕТ СОВПАДЕНИЙ],0,НЕТ ПРИВЯЗКИ
b10cc530-9392-4b1b-803e-a60548b3bf16,"КЕГ Корсендонк Бланш, 30л",[НЕТ СОВПАДЕНИЙ],0,НЕТ ПРИВЯЗКИ
f9ea0291-3271-4e0d-a254-cc44637d3160,КЕГ Кот i Сабака 20 л,[НЕТ СОВПАДЕНИЙ],0,НЕТ ПРИВЯЗКИ
16d75bbe-233f-452a-a024-bc8b43230ece,КЕГ Крик Макс 20 л,[НЕТ СОВПАДЕНИЙ],0,НЕТ ПРИВЯЗКИ
dda5b6f7-b3fd-44f7-af8a-695b7634e16c,КЕГ Кроненбург 1664 Блан 30 л,[НЕТ СОВПАДЕНИЙ],0,НЕТ ПРИВЯЗКИ
26fcb7d5-63a5-4f4b-8c25-cf49b1028ac3,КЕГ Кульмбахер Эдельхерб Премиум Пилс 30 л,[НЕТ СОВПАДЕНИЙ],0,НЕТ ПРИВЯЗКИ
4cffe6cc-9f66-43ec-80e0-9fdbda3db1ca,КЕГ Курпфальц Брау Урвайцен 30л,[НЕТ СОВПАДЕНИЙ],0,НЕТ ПРИВЯЗКИ
c26490fb-929f-44f0-bd92-dab291b157af,КЕГ Курпфальц Брау Хеллес 30л,[НЕТ СОВПАДЕНИЙ],0,НЕТ ПРИВЯЗКИ
113bd2a1-7e0d-459b-949e-cbfa90e71173,КЕГ Ла Бранш сидр яблочный,[НЕТ СОВПАДЕНИЙ],0,НЕТ ПРИВЯЗКИ
d0e60373-43ed-4456-9132-3f9ff26e272b,КЕГ Ла Трапп Дюббель 20 л,[НЕТ СОВПАДЕНИЙ],0,НЕТ ПРИВЯЗКИ
89fa1443-838a-43b4-9151-635320b0f9a8,КЕГ Ла Трапп Квадрюпель 20 л,[НЕТ СОВПАДЕНИЙ],0,НЕТ ПРИВЯЗКИ
fe125e6f-ac53-4c7c-bc6c-72ac37151d3c,КЕГ Ла Шуф 20 л,[НЕТ СОВПАДЕНИЙ],0,НЕТ ПРИВЯЗКИ
89bf8c66-1e16-4e82-947a-8f87116dc86c,"КЕГ Лаутербахер Бротцайт, светлое ",[НЕТ СОВПАДЕНИЙ],0,НЕТ ПРИВЯЗКИ
51b6cfbc-5cd0-41c3-9854-f24b12724a17,"КЕГ Лаутербахер Хелл, светлое ",[НЕТ СОВПАДЕНИЙ],0,НЕТ ПРИВЯЗКИ
8a162d2f-2f13-41d8-9211-77509cfb75b8,"КЕГ ЛеФорт Квадрюпель, л",[НЕТ СОВПАДЕНИЙ],0,НЕТ ПРИВЯЗКИ
d4113520-f00d-4024-b250-9399ad8faff1,КЕГ Лейкейм Хеллес 30 л,[НЕТ СОВПАДЕНИЙ],0,НЕТ ПРИВЯЗКИ
5bc4f983-f64d-4792-81e9-2a9a0af4703d,КЕГ Леруа Ипперман 30 л,[НЕТ СОВПАДЕНИЙ],0,НЕТ ПРИВЯЗКИ
373ff19b-7c23-4cf1-a230-881703ee933f,КЕГ Леруа Капиттель Патер 30 л,[НЕТ СОВПАДЕНИЙ],0,НЕТ ПРИВЯЗКИ
6fdbf26e-749e-4bb0-bc4a-046bf352f56f,КЕГ Леруа Сас Пилс 30 л,[НЕТ СОВПАДЕНИЙ],0,НЕТ ПРИВЯЗКИ
58d93fb7-c85b-42fc-929e-d2f74e4510af,КЕГ Леруа Хоммельбир 30 л,[НЕТ СОВПАДЕНИЙ],0,НЕТ ПРИВЯЗКИ
c87ac610-2c6f-4fd8-bef5-f5a6381fd6bd,КЕГ Леруа Хоммельбир Драй Хоппдт 30 л,[НЕТ СОВПАДЕНИЙ],0,НЕТ ПРИВЯЗКИ
0a2f5b86-fb53-4e1d-b0f7-7032d2d112c1,КЕГ Леффе Блонд 30 л ,[НЕТ СОВПАДЕНИЙ],0,НЕТ ПРИВЯЗКИ
f26fa287-6184-4614-9585-596ca609a3b1,КЕГ Леффе Брюн 30 л ,[НЕТ СОВПАДЕНИЙ],0,НЕТ ПРИВЯЗКИ
3a2131c0-343e-4fb5-9ef6-db1bd882c0f4,КЕГ ЛиК v7 30 л,[НЕТ СОВПАДЕНИЙ],0,НЕТ ПРИВЯЗКИ
870d2462-4ac4-4716-bedb-8749da587bb1,КЕГ Лимбургс Витте 20л,[НЕТ СОВПАДЕНИЙ],0,НЕТ ПРИВЯЗКИ
273acce6-43f6-4076-b267-94f481ece8a4,КЕГ Литовел Маэстро 30 л,[НЕТ СОВПАДЕНИЙ],0,НЕТ ПРИВЯЗКИ
aa9e9289-54c2-4f37-9e07-d50c62392b6e,КЕГ Литовел Премиум 30 л,[НЕТ СОВПАДЕНИЙ],0,НЕТ ПРИВЯЗКИ
99bfe3a5-295f-4beb-8354-a7ab07b7638c,КЕГ Локал Вайцен 30 л,[НЕТ СОВПАДЕНИЙ],0,НЕТ ПРИВЯЗКИ
6593d926-6568-40e0-9931-948a97c21a44,КЕГ Локи 20 л,[НЕТ СОВПАДЕНИЙ],0,НЕТ ПРИВЯЗКИ
b6f5c2c3-c5d6-48b6-887c-b1ab15ba79c7,КЕГ Марстонс Ойстер Стаут 30 л,[НЕТ СОВПАДЕНИЙ],0,НЕТ ПРИВЯЗКИ
8fa84a9b-3981-44f3-903e-249670749bee,КЕГ Миккелер Ю Эс Элайв 30 л,[НЕТ СОВПАДЕНИЙ],0,НЕТ ПРИВЯЗКИ
d59b0de9-84e1-48f2-9674-1900368c4984,"КЕГ Морт Субит Экстрим ПН, вишневое ",[НЕТ СОВПАДЕНИЙ],0,НЕТ ПРИВЯЗКИ
2b88bf89-99b7-4030-8673-8bb94cdc26fa,КЕГ Мост Брюверс Вайсс Брюкке,[НЕТ СОВПАДЕНИЙ],0,НЕТ ПРИВЯЗКИ
1a440148-146a-426c-80ea-56a8b8ae8bdb,КЕГ Мост Брюверс Лагер,[НЕТ СОВПАДЕНИЙ],0,НЕТ ПРИВЯЗКИ
c3f95b62-f68e-4b40-92ca-f7c508e3c468,КЕГ Мост Пон Руж 20 л,[НЕТ СОВПАДЕНИЙ],0,НЕТ ПРИВЯЗКИ
8857b32f-ebfe-470e-b25a-15359e19febd,КЕГ Мохнатый Йожъ 30 л,[НЕТ СОВПАДЕНИЙ],0,НЕТ ПРИВЯЗКИ
6381f636-f66c-4339-a5ae-f671178747b1,КЕГ Нектар 30 л,[НЕТ СОВПАДЕНИЙ],0,НЕТ ПРИВЯЗКИ
721f3313-761f-40c6-80c9-df2c2d305421,КЕГ Нишко 30 л,[НЕТ СОВПАДЕНИЙ],0,НЕТ ПРИВЯЗКИ
a440ec0d-3099-4eb9-88cc-24345bad4afe,КЕГ Новопак кумбурак 30 л,[НЕТ СОВПАДЕНИЙ],0,НЕТ ПРИВЯЗКИ
fddfd3e2-2506-4f9f-81b7-3f3478a8e258,КЕГ Ногне О #500 20 л,[НЕТ СОВПАДЕНИЙ],0,НЕТ ПРИВЯЗКИ
3f60cdc8-bd6b-4298-9b36-eaeea6c628b5,КЕГ Ногне Ту Кэпитанс 20 л,[НЕТ СОВПАДЕНИЙ],0,НЕТ ПРИВЯЗКИ
26d8205a-a774-4984-8ba0-ff9f27ba6fb6,КЕГ Одна Тонна Рыжая Соня 30 л,[НЕТ СОВПАДЕНИЙ],0,НЕТ ПРИВЯЗКИ
232b471a-e8b9-493e-a8b8-e815e6ab54b0,КЕГ Он Зе Бонс Строуберрилипс 30 л,[НЕТ СОВПАДЕНИЙ],0,НЕТ ПРИВЯЗКИ
48acfa9a-cc8e-4129-9cea-9e853957836c,КЕГ Ортодокс Вайцен 20л.,[НЕТ СОВПАДЕНИЙ],0,НЕТ ПРИВЯЗКИ
7097cae7-b5d6-4143-90fc-cfbdf7e81bfc,КЕГ Островица АPA 20 л,[НЕТ СОВПАДЕНИЙ],0,НЕТ ПРИВЯЗКИ
b1a7ce3c-0b54-405d-8580-ac063f27931d,КЕГ Островица Б-дэй Лагер,[НЕТ СОВПАДЕНИЙ],0,НЕТ ПРИВЯЗКИ
9a2e71ce-6717-48d7-904f-0eab022c55b1,КЕГ Островица Стриппер 20 л,[НЕТ СОВПАДЕНИЙ],0,НЕТ ПРИВЯЗКИ
e08b4353-f66a-4d9d-b779-28f8a2ec743e,КЕГ Островица Холи ДИПА 20 л,[НЕТ СОВПАДЕНИЙ],0,НЕТ ПРИВЯЗКИ
d2364355-adf5-4749-84ca-1ed0f0e436cd,КЕГ ПП White Night Pale ale 20 л,[НЕТ СОВПАДЕНИЙ],0,НЕТ ПРИВЯЗКИ
988b9b7f-7ea1-4e75-9a9a-bbad20381d9c,КЕГ Парадокс Сип Сейшн 20 л,[НЕТ СОВПАДЕНИЙ],0,НЕТ ПРИВЯЗКИ
4f613cd5-94f1-43f0-ad76-1f0d51a23e10,КЕГ Пардубицкий Портер 20 л,[НЕТ СОВПАДЕНИЙ],0,НЕТ ПРИВЯЗКИ
d377b4c4-f996-4100-b212-3a8e771f946f,КЕГ Пауланер Мюнхнер Хель 24 л,[НЕТ СОВПАДЕНИЙ],0,НЕТ ПРИВЯЗКИ
d52019f9-d8de-4a78-826b-4dc7d0cb788a,КЕГ Перони Настро Аззуро 30 л,[НЕТ СОВПАДЕНИЙ],0,НЕТ ПРИВЯЗКИ
7bd16909-7943-4c28-ad41-d24b3159d58c,КЕГ Петрус Ред 30 л,[НЕТ СОВПАДЕНИЙ],0,НЕТ ПРИВЯЗКИ
d9014390-58a1-4fe4-8f94-bb0da93c630e,КЕГ Пеш Мель Буш 20 л,[НЕТ СОВПАДЕНИЙ],0,НЕТ ПРИВЯЗКИ
480eb242-5092-4cae-a1f7-f0ddb146c9d2,КЕГ Пикси полусладкий 30 л,[НЕТ СОВПАДЕНИЙ],0,НЕТ ПРИВЯЗКИ
0fc785b1-2f16-4141-af90-a0464f5fa781,КЕГ Питон Сидр Домашний 30л,[НЕТ СОВПАДЕНИЙ],0,НЕТ ПРИВЯЗКИ
f67d0ea4-c828-43cf-8df2-55585bef4660,КЕГ План B R2-D2H 20 л,[НЕТ СОВПАДЕНИЙ],0,НЕТ ПРИВЯЗКИ
be47a6b5-2b13-438c-bc32-ff968056c191,КЕГ План Б Мисти Стандарт 20,[НЕТ СОВПАДЕНИЙ],0,НЕТ ПРИВЯЗКИ
a11a6f22-b562-41a2-a239-b548819504bb,КЕГ План Б Райс оф Зомби 20 л,[НЕТ СОВПАДЕНИЙ],0,НЕТ ПРИВЯЗКИ
feee99ef-74fb-451b-87d1-95db1e97b884,КЕГ План Б Тропикал Пэйнкиллер 20,[НЕТ СОВПАДЕНИЙ],0,НЕТ ПРИВЯЗКИ
a70270b1-b110-40c4-89e6-60173a0bd8b4,КЕГ Полночный Проект Джаст АИПА 20 л,[НЕТ СОВПАДЕНИЙ],0,НЕТ ПРИВЯЗКИ
c6b04e25-0ddd-408c-8f82-4216248da654,КЕГ Полночный Проект Жигуликеллер 20 л,[НЕТ СОВПАДЕНИЙ],0,НЕТ ПРИВЯЗКИ
5791aaf6-7d66-4603-9c9e-e067151a1fdd,КЕГ Полночный проект Katana 20 л,[НЕТ СОВПАДЕНИЙ],0,НЕТ ПРИВЯЗКИ
8cbcf032-5c14-4a04-b2ca-b83b0c6b8bd3,КЕГ Полночный проект Страна Курляндия 20 л,[НЕТ СОВПАДЕНИЙ],0,НЕТ ПРИВЯЗКИ
08920cfe-2725-4bac-8278-4de02f211e19,КЕГ Радебергер Пилснер  30 л,[НЕТ СОВПАДЕНИЙ],0,НЕТ ПРИВЯЗКИ
10d8d869-b9fa-4a7f-9823-14d17617e3f9,КЕГ Ригеле Альте Вайс,[НЕТ СОВПАДЕНИЙ],0,НЕТ ПРИВЯЗКИ
c54b8dcb-216a-456b-935b-9931433317ce,"КЕГ Ригеле Келлербир, светлое ",[НЕТ СОВПАДЕНИЙ],0,НЕТ ПРИВЯЗКИ
91337b95-5f7b-429a-b79b-251d5ec96368,КЕГ Ригеле Фестбир,[НЕТ СОВПАДЕНИЙ],0,НЕТ ПРИВЯЗКИ
96c245e1-c02e-4fda-a17f-03b501af320e,"КЕГ Ригеле Херен Пилс, светлое ",[НЕТ СОВПАДЕНИЙ],0,НЕТ ПРИВЯЗКИ
0d08bb0c-e401-4d61-9728-d492c41344c7,"КЕГ Ригеле Хефевайсбир, светлое",[НЕТ СОВПАДЕНИЙ],0,НЕТ ПРИВЯЗКИ
9b40f940-571a-4fb2-8340-70607d4a7950,КЕГ Ригеле Эхтес Дункель,[НЕТ СОВПАДЕНИЙ],0,НЕТ ПРИВЯЗКИ
6b39007e-0bf2-4ae6-8897-7d9cd3b2df80,КЕГ Роденбах 20 л,[НЕТ СОВПАДЕНИЙ],0,НЕТ ПРИВЯЗКИ
1ccb03d2-f97d-4c73-9b2c-ff56017b6d27,"КЕГ РэдХук Лонг Хаммер ИПА,  ",[НЕТ СОВПАДЕНИЙ],0,НЕТ ПРИВЯЗКИ
9c7d31c4-0f31-4dbc-88ee-710f82bffda1,КЕГ С Питерс ИПА 30 л,[НЕТ СОВПАДЕНИЙ],0,НЕТ ПРИВЯЗКИ
4d5dff32-bb6b-4f24-9cf3-0f1f07001c55,КЕГ С Питерс Крим Стаут 30 л,[НЕТ СОВПАДЕНИЙ],0,НЕТ ПРИВЯЗКИ
87752e4d-ca2b-4c9d-bf12-8075de287fcd,КЕГ С Питерс Лагер 30 л,[НЕТ СОВПАДЕНИЙ],0,НЕТ ПРИВЯЗКИ
66da5c8b-8f8f-45c8-87c8-b6691b4ca6d4,КЕГ С Питерс Пэйл Эль 30 л,[НЕТ СОВПАДЕНИЙ],0,НЕТ ПРИВЯЗКИ
ace11577-e7e0-4a01-ae50-2f9ac484517a,КЕГ Салливанс Пэйл Эль,[НЕТ СОВПАДЕНИЙ],0,НЕТ ПРИВЯЗКИ
f7a28232-120f-40c4-9a2b-0c8361c79387,КЕГ Салтаир Биттер ,[НЕТ СОВПАДЕНИЙ],0,НЕТ ПРИВЯЗКИ
c3e8a537-101d-4ceb-8509-8721699933ea,КЕГ Салтаир Нью Ворлд 30 л,[НЕТ СОВПАДЕНИЙ],0,НЕТ ПРИВЯЗКИ
7821578e-cec8-4b43-b754-df6db193a192,КЕГ Сан Луи Гёз 20 л,[НЕТ СОВПАДЕНИЙ],0,НЕТ ПРИВЯЗКИ
10f21e9f-29af-47f3-8827-0d25ef5c8581,КЕГ Сан Луи Крик 20 л,[НЕТ СОВПАДЕНИЙ],0,НЕТ ПРИВЯЗКИ
4aa00a92-06a7-4da4-a948-c5a1d1564814,"КЕГ Свинкелс Лагер, 20 л",[НЕТ СОВПАДЕНИЙ],0,НЕТ ПРИВЯЗКИ
58359e57-4a01-4112-90f9-8c5a2f83d12d,КЕГ Святой домкрат 20л ,[НЕТ СОВПАДЕНИЙ],0,НЕТ ПРИВЯЗКИ
2ca98fc5-3711-4b9e-ab11-1074c6eeb91f,КЕГ Сейнт Остилл Биг Джоб,[НЕТ СОВПАДЕНИЙ],0,НЕТ ПРИВЯЗКИ
24964378-97ab-4026-a99b-ea8df0a51032,КЕГ Сейнт Остилл Корев,[НЕТ СОВПАДЕНИЙ],0,НЕТ ПРИВЯЗКИ
75de97d0-65a8-40fd-bce9-efdd5a1f747f,КЕГ Сейнт Остилл Пропер Джоб,[НЕТ СОВПАДЕНИЙ],0,НЕТ ПРИВЯЗКИ
a821c5b4-6179-41ea-9ccf-d6e5434ef930,КЕГ Сейнт Остилл Пропер Крекер,[НЕТ СОВПАДЕНИЙ],0,НЕТ ПРИВЯЗКИ
ca7a81bb-d33b-4875-8065-9160b6d9fe39,КЕГ Сейнт Остилл Трибьют,[НЕТ СОВПАДЕНИЙ],0,НЕТ ПРИВЯЗКИ
e8cb1020-fcce-4553-a518-4b0bba2d9f18,КЕГ Сейнт Пи Оптимистик Сити Лагер,[НЕТ СОВПАДЕНИЙ],0,НЕТ ПРИВЯЗКИ
e060c3ea-172d-4978-b059-d58af475ce46,КЕГ Сен Фёйен Бельджиан Кост ИПА,[НЕТ СОВПАДЕНИЙ],0,НЕТ ПРИВЯЗКИ
fec85bbb-d8c7-4e2b-a6ea-d8073aeed708,КЕГ Сен Фёйен Блонд 20 л,[НЕТ СОВПАДЕНИЙ],0,НЕТ ПРИВЯЗКИ
0b3ac524-4041-4a67-8570-e201cece67e8,КЕГ Сен Фёйен Брюн 20 л,[НЕТ СОВПАДЕНИЙ],0,НЕТ ПРИВЯЗКИ
25ae5d51-5fa4-4e2c-980a-8d46b32d30d5,КЕГ Сен Фёйен Гризетт Бланш,[НЕТ СОВПАДЕНИЙ],0,НЕТ ПРИВЯЗКИ
26bcff49-dc3a-46c2-b68b-310f79d6beba,КЕГ Сен Фёйен Гризетт Фру Де Буа,[НЕТ СОВПАДЕНИЙ],0,НЕТ ПРИВЯЗКИ
53ba7ec4-3595-480d-b8f3-b8ce1ee49182,КЕГ Сен Фёйен Квадрюпель 20 л,[НЕТ СОВПАДЕНИЙ],0,НЕТ ПРИВЯЗКИ
ec6f702c-23d2-4b94-9873-3e1907fd5131,КЕГ Сен Фёйен Кюве дэ Ноэль,[НЕТ СОВПАДЕНИЙ],0,НЕТ ПРИВЯЗКИ
93f59813-fdb4-447a-b692-bd6e22e18e30,КЕГ Сен Фёйен Лагер 20л,[НЕТ СОВПАДЕНИЙ],0,НЕТ ПРИВЯЗКИ
d5b19926-5782-4edb-b313-c1d806cdc283,КЕГ Сен Фёйен Сезон 30 л,[НЕТ СОВПАДЕНИЙ],0,НЕТ ПРИВЯЗКИ
45c4dac6-805f-4785-9d2c-7514bd452a53,КЕГ Сен Фёйен Спешл Бельж,[НЕТ СОВПАДЕНИЙ],0,НЕТ ПРИВЯЗКИ
92f610c8-0da1-4f03-add6-c28ff27345eb,КЕГ Сен Фёйен Трипл 20 л,[НЕТ СОВПАДЕНИЙ],0,НЕТ ПРИВЯЗКИ
b7826505-87f9-4356-b2f5-ec312a887028,КЕГ Сен Фёйен Файв 30 л,[НЕТ СОВПАДЕНИЙ],0,НЕТ ПРИВЯЗКИ
7b1d364a-8ce0-418b-976d-e24fdac72ab5,КЕГ Сент Антон полусухой 30л,[НЕТ СОВПАДЕНИЙ],0,НЕТ ПРИВЯЗКИ
5c89a8e3-d558-4cec-ba00-bd961a91a56e,"КЕГ Сидр Лось и Кедр v 2.0 яблочный особый, полусухой",[НЕТ СОВПАДЕНИЙ],0,НЕТ ПРИВЯЗКИ
73a28fae-8df6-4b2b-b6bb-6a90fee755fb,"КЕГ Сидр Лось и Кедр v 3.0 яблочный особый, полусухой",[НЕТ СОВПАДЕНИЙ],0,НЕТ ПРИВЯЗКИ
cfd0fd58-b892-4b9a-9636-db8afd2f8822,"КЕГ Сидр Лось и Кедр v 4.0 яблочный, полусухой",[НЕТ СОВПАДЕНИЙ],0,НЕТ ПРИВЯЗКИ
46768f01-e177-48d9-b98b-e05751a0f8d7,"КЕГ Сидр Лось и Кедр v 9.0 яблочный, полусухой",[НЕТ СОВПАДЕНИЙ],0,НЕТ ПРИВЯЗКИ
12220ffe-77a8-48a1-a71c-de7e7e91072e,КЕГ Силли Кюве Эрмитаж,[НЕТ СОВПАДЕНИЙ],0,НЕТ ПРИВЯЗКИ
5903f1c7-c4a8-4d4c-ba48-6dcb3453c062,КЕГ Силли Руж 20 л,[НЕТ СОВПАДЕНИЙ],0,НЕТ ПРИВЯЗКИ
df7893b4-3897-4490-9c3c-e7e57ea719db,КЕГ Синт Гуммарус Дюбель 30 л,[НЕТ СОВПАДЕНИЙ],0,НЕТ ПРИВЯЗКИ
08dceb07-b4e4-4a17-9eee-3e86f82c94f3,КЕГ Синт Гуммарус Трипель 30 л,[НЕТ СОВПАДЕНИЙ],0,НЕТ ПРИВЯЗКИ
1fcbc577-1b05-464b-833e-e54f60f512f4,КЕГ Ст. Остелл Ликвид Саншайн,[НЕТ СОВПАДЕНИЙ],0,НЕТ ПРИВЯЗКИ
5fa00762-3623-49e4-922f-b1fc76b7655c,КЕГ Ст. Остелл Мена Ду,[НЕТ СОВПАДЕНИЙ],0,НЕТ ПРИВЯЗКИ
40deede6-a307-4edf-875d-0c50de77ad15,КЕГ Ст. Остелл Руби Джек,[НЕТ СОВПАДЕНИЙ],0,НЕТ ПРИВЯЗКИ
e3ab8b41-571f-4914-b730-abdfe47fdfa4,КЕГ Ст. Остелл Смагглерс,[НЕТ СОВПАДЕНИЙ],0,НЕТ ПРИВЯЗКИ
0f4fcee6-5d49-4e33-a3c8-b400c4cb749c,КЕГ Стародубице Дванактка 30 л,[НЕТ СОВПАДЕНИЙ],0,НЕТ ПРИВЯЗКИ
8dc820b2-5a28-4fbe-8f4d-dcdc5ee5aa28,КЕГ Стародубице Еденактка 30 л,[НЕТ СОВПАДЕНИЙ],0,НЕТ ПРИВЯЗКИ
b4ab6e77-d8d5-4f71-9992-cc4dd30d21bd,КЕГ Степь и Ветер Амброзия 20л,[НЕТ СОВПАДЕНИЙ],0,НЕТ ПРИВЯЗКИ
e18a03c4-1d59-44ed-b101-f44083eb9a26,КЕГ Степь и Ветер Вишня 20л,[НЕТ СОВПАДЕНИЙ],0,НЕТ ПРИВЯЗКИ
fba0170f-4dd3-4770-b0eb-86ff1170f9b8,КЕГ Степь и Ветер Мёд и Виноград 20л,[НЕТ СОВПАДЕНИЙ],0,НЕТ ПРИВЯЗКИ
8540d0d0-4aa5-4861-9d24-55d0f972b7d3,КЕГ Степь и Ветер Мёд и Смородина 20л,[НЕТ СОВПАДЕНИЙ],0,НЕТ ПРИВЯЗКИ
655190cc-6696-44af-a6a0-3b8caf7a2476,КЕГ Стинбрюгге Блонд 20 л,[НЕТ СОВПАДЕНИЙ],0,НЕТ ПРИВЯЗКИ
cd217092-f72c-475c-832b-f042b40192bc,КЕГ Стинбрюгге Браун 20 л,[НЕТ СОВПАДЕНИЙ],0,НЕТ ПРИВЯЗКИ
cce9bb03-e128-4bd6-9b5f-ecd750719123,КЕГ Тер Долен Крик,[НЕТ СОВПАДЕНИЙ],0,НЕТ ПРИВЯЗКИ
ca2bf5c4-0a87-4180-9e94-e61fa5a52eff,КЕГ Тикстон Бариста Стаут 30 л,[НЕТ СОВПАДЕНИЙ],0,НЕТ ПРИВЯЗКИ
36144813-8cb8-48ea-b1e4-45d71670cc91,КЕГ Тикстон Лайтфут 30 л,[НЕТ СОВПАДЕНИЙ],0,НЕТ ПРИВЯЗКИ
85f6f18d-3eb4-415a-91fb-1a0a0280ba46,КЕГ Тикстон Олд Пикулер 30 л,[НЕТ СОВПАДЕНИЙ],0,НЕТ ПРИВЯЗКИ
f2e6b956-2625-491f-899d-998800479d75,КЕГ Тилькан Кетш Драфт Вёршн 20 л,[НЕТ СОВПАДЕНИЙ],0,НЕТ ПРИВЯЗКИ
654a3e9a-c171-44a8-8cf3-2bfe25cc15a3,КЕГ Трипель Кармелит,[НЕТ СОВПАДЕНИЙ],0,НЕТ ПРИВЯЗКИ
52503d33-90db-4b25-9424-d8f421fb6055,"КЕГ Трипортер Фул Мун, л",[НЕТ СОВПАДЕНИЙ],0,НЕТ ПРИВЯЗКИ
778ff79f-d712-4973-ba90-80f7874e1de7,КЕГ Трубадур Магма 30л,[НЕТ СОВПАДЕНИЙ],0,НЕТ ПРИВЯЗКИ
b55aa93d-6aa0-44e1-b928-fc6b684a0e7a,"КЕГ Фаундерс Центенниал ИПА 29,3 л",[НЕТ СОВПАДЕНИЙ],0,НЕТ ПРИВЯЗКИ
dfe671fb-767c-4c64-b583-4cb1d811c0c1,КЕГ Фердинант лагер (10) 30 л,[НЕТ СОВПАДЕНИЙ],0,НЕТ ПРИВЯЗКИ
99779e73-d08a-42cf-a3c3-cc32fdcbdacc,КЕГ Фердинант лагер (12) 30 л,[НЕТ СОВПАДЕНИЙ],0,НЕТ ПРИВЯЗКИ
12590112-4f35-4d2d-914a-0a2878b69879,КЕГ Фест Амбер Эль (кега),[НЕТ СОВПАДЕНИЙ],0,НЕТ ПРИВЯЗКИ
a9c373ed-08ef-45f4-a2f8-92bdd5e51cb8,КЕГ Францискайнер Вайсбир,[НЕТ СОВПАДЕНИЙ],0,НЕТ ПРИВЯЗКИ
81faee55-2840-4397-aa7b-172fb36c3b2f,КЕГ Фуллерс ЕСБ 30 л,[НЕТ СОВПАДЕНИЙ],0,НЕТ ПРИВЯЗКИ
c265b9b9-2b9d-404a-b5cb-53a54eb36302,КЕГ Фуллерс ИПА 30 л,[НЕТ СОВПАДЕНИЙ],0,НЕТ ПРИВЯЗКИ
dc566d06-49bb-471b-83ee-b279fcc5d96f,КЕГ Фуллерс Лондон Блэк Кэб 30 л,[НЕТ СОВПАДЕНИЙ],0,НЕТ ПРИВЯЗКИ
ba829c29-64a3-4ad2-9c2a-5fea985649f3,КЕГ Фуллерс Лондон Портер 30 л,[НЕТ СОВПАДЕНИЙ],0,НЕТ ПРИВЯЗКИ
bcbd4feb-e76f-4ceb-857e-6359c88b871f,КЕГ Фуллерс Лондон Прайд 30 л,[НЕТ СОВПАДЕНИЙ],0,НЕТ ПРИВЯЗКИ
a417bc50-f960-45fe-a042-753cf0626358,КЕГ Фёст брю прототип аутмил стаут,[НЕТ СОВПАДЕНИЙ],0,НЕТ ПРИВЯЗКИ
8cfe6450-6d73-41a2-8a32-571d9652f292,КЕГ Фёст брю прототип портер,[НЕТ СОВПАДЕНИЙ],0,НЕТ ПРИВЯЗКИ
f3bfc94c-e860-452e-b33d-0c34d9385d18,"КЕГ ХБ Дункель, светлое ",[НЕТ СОВПАДЕНИЙ],0,НЕТ ПРИВЯЗКИ
72adbc42-c49d-400b-ad62-80261d2bb7a4,"КЕГ ХБ Мюнхенер Вайссе, светлое ",[НЕТ СОВПАДЕНИЙ],0,НЕТ ПРИВЯЗКИ
b27c208d-1281-46d6-a631-050ef4951122,КЕГ ХБ Траунштайн Хеллес,[НЕТ СОВПАДЕНИЙ],0,НЕТ ПРИВЯЗКИ
f24ed2dd-c2ae-450c-a8e0-99ba77a12604,КЕГ Хук Нортон Дабл Стаут Стаут 30 л,[НЕТ СОВПАДЕНИЙ],0,НЕТ ПРИВЯЗКИ
e2ba1684-dd8d-4918-8284-209e8419a651,"КЕГ Чешский лев, светлое ",[НЕТ СОВПАДЕНИЙ],0,НЕТ ПРИВЯЗКИ
2361826a-6d4a-4e34-8af7-ab9683cecc1f,КЕГ Шимэ Рэд 20 л,[НЕТ СОВПАДЕНИЙ],0,НЕТ ПРИВЯЗКИ
a96fcbfc-551b-44c3-aeed-bb917890e637,КЕГ Шнайдер ТАР1 20 л,[НЕТ СОВПАДЕНИЙ],0,НЕТ ПРИВЯЗКИ
e9c2ce35-baca-4b8d-903a-5acf5722d13e,КЕГ Шнайдер ТАР4 20 л,[НЕТ СОВПАДЕНИЙ],0,НЕТ ПРИВЯЗКИ
9b2aecd4-833d-45f0-8e83-0d60e37dffed,КЕГ Шнайдер ТАР5 20 л,[НЕТ СОВПАДЕНИЙ],0,НЕТ ПРИВЯЗКИ
2267343e-44c9-4e5a-9ac7-9a003c810ad9,КЕГ Шнайдер ТАР6 20 л,[НЕТ СОВПАДЕНИЙ],0,НЕТ ПРИВЯЗКИ
b68141f0-d70f-4039-9228-56bb0e912231,КЕГ Шнайдер ТАР7 20 л,[НЕТ СОВПАДЕНИЙ],0,НЕТ ПРИВЯЗКИ
ba36a093-aa9e-4c52-a0e7-43d34bc6a0bb,КЕГ Шредер Велка Морава  30 л,[НЕТ СОВПАДЕНИЙ],0,НЕТ ПРИВЯЗКИ
111571e5-58f2-46a3-9f3d-33dee8d6f1d5,КЕГ Штамм Брюинг Бестие 30 л,[НЕТ СОВПАДЕНИЙ],0,НЕТ ПРИВЯЗКИ
75536b3a-4700-490c-a62a-750d99c2eacc,КЕГ Штамм Брюинг Невермонт 30 л,[НЕТ СОВПАДЕНИЙ],0,НЕТ ПРИВЯЗКИ
93178905-3f26-4ba4-991d-28283f727d37,КЕГ Штигль Голдброй 25 л,[НЕТ СОВПАДЕНИЙ],0,НЕТ ПРИВЯЗКИ
c4c0cbba-a5bc-4eb3-bbd0-eb10edda2be1,КЕГ Штраффе Хендрик 30л,[НЕТ СОВПАДЕНИЙ],0,НЕТ ПРИВЯЗКИ
ec1f53c7-f72f-4186-a8f0-6a6d13c6f33a,КЕГ Эйбау Хефевайссбир  30 л,[НЕТ СОВПАДЕНИЙ],0,НЕТ ПРИВЯЗКИ
3cbff09e-7be9-4241-8351-56adb572bdf1,КЕГ Янгс Лондон Стаут 30 л,[НЕТ СОВПАДЕНИЙ],0,НЕТ ПРИВЯЗКИ
855998d8-c2c9-4259-a5cd-fd77b6992dd6,Кег Чехов,[НЕТ СОВПАДЕНИЙ],0,НЕТ ПРИВЯЗКИ
243b3a64-0315-47ea-8dff-29135b7094d8,Кеги - Аббатское и похожее,[НЕТ СОВПАДЕНИЙ],0,НЕТ ПРИВЯЗКИ
29713edd-2a59-4494-a8c3-ac5cc47c64de,ОЛИВКИ АССОРТИ С ТРАВАМИ (5 кг КЕГ),[НЕТ СОВПАДЕНИЙ],0,НЕТ ПРИВЯЗКИ
c893c824-f973-45aa-9add-d9fe3861273a,"Пиво ""Пауэль Квак"" (""Pauwel Kwak"") светл., фильтр., паст., кега ",[НЕТ СОВПАДЕНИЙ],0,НЕТ ПРИВЯЗКИ
e5d7d14a-39e3-4ecd-8fee-c3176c5cff23,"Пиво Huyghe ""Delirium Red"" темное, (кега разовая)",[НЕТ СОВПАДЕНИЙ],0,НЕТ ПРИВЯЗКИ
8883cc25-5422-0c77-0198-1216bba66e59,Пиво светлое пастеризованное «КОНИКС МЮНИХ ХЕЛЛЕС» кеги 30,[НЕТ СОВПАДЕНИЙ],0,НЕТ ПРИВЯЗКИ
